,Year of Release,Game Title,Game Price,Score,Votes,Genre
0,2013,Tomb Raider,14.99,8.61,221116,Adventure
1,2013,Don't Starve,9.99,8.6,101024,Survival
2,2013,"Papers, Please",9.99,8.58,59242,Political
3,2013,The Wolf Among Us,14.99,8.58,30144,Adventure
4,2013,Outlast,19.99,8.57,100083,Horror
5,2013,Age of Empires II (2013),19.99,8.51,97058,Strategy
6,2013,Gunpoint,9.99,8.48,12329,Stealth
7,2013,The Walking Dead: Season Two,14.99,8.45,27208,Zombies
8,2013,Game Dev Tycoon,9.99,8.43,40097,Management
9,2013,BioShock Infinite,7.49,8.39,131346,FPS
10,2013,Project Zomboid,19.99,8.39,191529,Survival
11,2013,Trine 2: Complete Story,4.99,8.38,20761,Puzzle Platformer
12,2013,Call of Juarez: Gunslinger,2.99,8.38,32257,Western
13,2013,Dust: An Elysian Tail,2.99,8.37,17804,Action
14,2013,Brothers - A Tale of Two Sons,14.99,8.36,39743,Adventure
15,2013,Antichamber,19.99,8.33,15969,Puzzle
16,2013,LEGO® Marvel™ Super Heroes,19.99,8.32,19181,LEGO
17,2013,Skullgirls 2nd Encore,24.99,8.3,27722,Fighting
18,2013,PAC-MAN™ Championship Edition DX+,9.99,8.29,7362,Arcade
19,2013,Risk of Rain,9.99,8.27,28773,Action Roguelike
20,2013,DmC: Devil May Cry,29.99,8.24,25508,Action
21,2013,Sonic & All-Stars Racing Transformed Collection,19.99,8.24,15562,Racing
22,2013,Long Live The Queen,9.99,8.24,6819,Visual Novel
23,2013,The Stanley Parable,14.99,8.21,43281,Comedy
24,2013,The Swapper,14.99,8.21,7017,Puzzle
25,2013,FINAL FANTASY VII,11.99,8.2,23238,JRPG
26,2013,Space Rangers HD: A War Apart,14.99,8.2,5736,Space
27,2013,100% Orange Juice,6.99,8.2,24091,Anime
28,2013,Enigmatis 2: The Mists of Ravenwood,9.99,8.19,1380,Hidden Object
29,2013,Brutal Legend,4.49,8.18,17396,Action
30,2013,"Cook, Serve, Delicious!",9.99,8.18,5352,Time Management
31,2013,Rogue Legacy,14.99,8.18,17992,Roguevania
32,2013,Arma 3,29.99,8.17,243009,Action
33,2013,Shadow Warrior,29.99,8.16,24640,Action
34,2013,PAYDAY 2,9.99,8.15,617418,Co-op
35,2013,The Plan,0.0,8.14,22253,Atmospheric
36,2013,Deus Ex: Human Revolution - Director's Cut,19.99,8.14,25339,Cyberpunk
37,2013,Race The Sun,9.99,8.13,6232,Procedural Generation
38,2013,SteamWorld Dig,9.99,8.13,6486,Platformer
39,2013,Super House of Dead Ninjas,6.99,8.13,1590,Action Roguelike
40,2013,FEZ,9.99,8.12,13845,Platformer
41,2013,Super Amazing Wagon Adventure,2.99,8.11,1908,Action
42,2013,Spelunky,14.99,8.1,15412,Platformer
43,2013,Guacamelee! Gold Edition,14.99,8.1,5788,Metroidvania
44,2013,Just Cause 2: Multiplayer Mod,0.0,8.07,15067,Open World
45,2013,Baldur's Gate: Enhanced Edition,19.99,8.04,13020,RPG
46,2013,Touhou Kishinjou ~ Double Dealing Character.,14.99,8.04,281,Bullet Hell
47,2013,Papo & Yo,14.99,8.03,2764,3D Platformer
48,2013,140,4.99,8.02,4393,Platformer
49,2013,fault - milestone one,14.99,8.01,3167,Visual Novel
50,2013,7 Days to Die,24.99,8.01,254527,Survival
51,2013,Farming Simulator 2013 Titanium Edition,14.99,8.0,5011,Simulation
52,2013,If My Heart Had Wings,14.99,8.0,4398,Visual Novel
53,2013,Baldur's Gate II: Enhanced Edition,19.99,8.0,7937,RPG
54,2013,Old School RuneScape,0.0,7.99,13269,MMORPG
55,2013,Savant - Ascent,1.99,7.97,2777,Action
56,2013,Stick it to The Man!,7.99,7.96,776,Adventure
57,2013,Saints Row IV: Re-Elected,4.99,7.95,76166,Open World
58,2013,Path of Exile,0.0,7.95,199901,Action RPG
59,2013,Monaco: What's Yours Is Mine,14.99,7.95,8475,Co-op
60,2013,THE KING OF FIGHTERS XIII STEAM EDITION,19.99,7.95,9264,Fighting
61,2013,Sanctum 2,14.99,7.94,13963,Tower Defense
62,2013,BIT.TRIP Presents... Runner2: Future Legend of Rhythm Alien,14.99,7.94,2994,Rhythm
63,2013,Bleed,4.99,7.94,1859,Action
64,2013,Viscera Cleanup Detail: Santa's Rampage,2.49,7.93,5327,Simulation
65,2013,NARUTO SHIPPUDEN: Ultimate Ninja STORM 3 Full Burst HD,19.99,7.91,12578,Anime
66,2013,Rayman® Legends,29.99,7.91,6485,Platformer
67,2013,Warframe,0.0,7.89,533318,Action RPG
68,2013,Batman™: Arkham Origins,19.99,7.89,43508,Action
69,2013,Contrast,9.99,7.89,5182,Female Protagonist
70,2013,Tennis Elbow 2013,10.49,7.85,672,Tennis
71,2013,Ittle Dew,9.99,7.85,1244,Adventure
72,2013,Hammerwatch,9.99,7.85,6279,Dungeon Crawler
73,2013,Europa Universalis IV,39.99,7.84,115766,Grand Strategy
74,2013,Far Cry 3 - Blood Dragon,4.49,7.84,15056,FPS
75,2013,Nameless ~The one thing you must recall~,29.99,7.84,715,Dating Sim
76,2013,Electronic Super Joy,7.99,7.83,3333,Platformer
77,2013,Marlow Briggs and the Mask of Death,4.99,7.83,2120,Action
78,2013,Shadowrun Returns,14.99,7.82,12712,RPG
79,2013,Castle of Illusion,14.99,7.82,3145,Platformer
80,2013,Battlefield 4™,39.99,7.81,52689,FPS
81,2013,Garfield Kart,4.99,7.81,13369,Cult Classic
82,2013,Clockwork Tales: Of Glass and Ink,9.99,7.8,1061,Hidden Object
83,2013,FINAL FANTASY VIII,11.99,7.79,8366,JRPG
84,2013,Dominions 4: Thrones of Ascension,34.99,7.78,1434,Strategy
85,2013,TrackMania² Stadium,9.99,7.78,6319,Racing
86,2013,Pool Nation,6.99,7.77,2743,Pool
87,2013,The Night of the Rabbit,1.99,7.76,2881,Adventure
88,2013,Drunken Wrestlers,0.0,7.76,545,Local Multiplayer
89,2013,Cry of Fear,0.0,7.76,45045,Horror
90,2013,DLC Quest,2.99,7.76,6229,Platformer
91,2013,"10,000,000",4.99,7.75,2180,Match 3
92,2013,The Dark Eye: Memoria,1.99,7.75,2148,Adventure
93,2013,Slender: The Arrival,9.99,7.74,7610,Horror
94,2013,The Inner World,14.99,7.73,1103,Adventure
95,2013,Samurai Gunn,14.99,7.73,432,Local Multiplayer
96,2013,Nihilumbra,7.99,7.71,2841,Adventure
97,2013,Oknytt,4.99,7.71,533,Singleplayer
98,2013,Intake,9.99,7.7,395,Action
99,2013,Angry Video Game Nerd Adventures,4.99,7.7,3106,Platformer
100,2013,9 Clues: The Secret of Serpent Creek,9.99,7.7,1379,Hidden Object
101,2013,Sniper Elite: Nazi Zombie Army,14.99,7.69,4341,Zombies
102,2013,DuckTales: Remastered,14.99,7.68,6368,Platformer
103,2013,Ys I & II Chronicles+,14.99,7.68,2181,JRPG
104,2013,Nimble Quest,4.99,7.68,728,Casual
105,2013,Goodbye Deponia,1.99,7.67,2101,Adventure
106,2013,Wargame: Airland Battle,19.99,7.67,4268,Strategy
107,2013,CastleStorm,9.99,7.67,1502,Funny
108,2013,Organ Trail: Director's Cut,4.99,7.67,2897,Zombies
109,2013,Unholy Heights,3.99,7.66,1511,Immersive Sim
110,2013,Journey of a Roach,0.69,7.66,1763,Adventure
111,2013,The Bridge,9.99,7.66,4082,Puzzle Platformer
112,2013,Injustice: Gods Among Us Ultimate Edition,19.99,7.65,17933,Fighting
113,2013,Soundodger+,7.99,7.65,793,Casual
114,2013,Skulls of the Shogun,9.99,7.64,728,Strategy
115,2013,Choice of the Deathless,4.99,7.64,320,Choose Your Own Adventure
116,2013,Dota 2,0.0,7.63,1967721,MOBA
117,2013,Resident Evil Revelations,29.99,7.63,11480,Action
118,2013,Megabyte Punch,14.99,7.62,1080,Adventure
119,2013,MURI,4.99,7.62,472,Action
120,2013,SLAMMED!,6.99,7.61,108,RPG
121,2013,The Typing of The Dead: Overkill,19.99,7.61,3396,Typing
122,2013,Super Puzzle Platformer Deluxe,7.99,7.61,473,Action
123,2013,Eldritch,14.99,7.6,2101,Action Roguelike
124,2013,The Cave,4.49,7.59,2576,Adventure
125,2013,Sabres of Infinity,5.99,7.59,135,Adventure
126,2013,Sang-Froid - Tales of Werewolves,0.0,7.59,1878,Strategy
127,2013,Soul Gambler,2.99,7.58,2647,Visual Novel
128,2013,Nancy Drew®: Ghost of Thornton Hall,19.99,7.57,209,Adventure
129,2013,Eryi's Action,4.99,7.57,1367,2D Platformer
130,2013,Super Sanctum TD,4.99,7.56,1508,Tower Defense
131,2013,Crysis® 3,29.99,7.56,5157,Action
132,2013,Ultratron,12.99,7.56,658,Action
133,2013,PixelJunk™ Shooter,8.99,7.55,564,Action
134,2013,Knock-knock,9.99,7.54,1680,Horror
135,2013,ENSLAVED™: Odyssey to the West™ Premium Edition,19.99,7.54,6546,Adventure
136,2013,Gas Guzzlers Extreme,24.99,7.54,3629,Combat Racing
137,2013,Duck Life,3.99,7.53,151,Casual
138,2013,Train Simulator: Pacific Surfliner® LA - San Diego Route,19.99,7.53,33,Simulation
139,2013,Artemis Spaceship Bridge Simulator,6.99,7.53,457,Simulation
140,2013,The Apogee Throwback Pack,9.99,7.52,302,Action
141,2013,OMSI 2: Steam Edition,29.99,7.51,10061,Automobile Sim
142,2013,The Journey Down: Chapter One,6.99,7.51,1241,Adventure
143,2013,Sinking Simulator,0.99,7.51,3552,Simulation
144,2013,Vector,6.99,7.51,922,Parkour
145,2013,Shelter,4.49,7.47,3570,Adventure
146,2013,Sniper Elite: Nazi Zombie Army 2,14.99,7.46,4004,Zombies
147,2013,Flashpoint Campaigns: Red Storm Player's Edition,14.49,7.46,226,Strategy
148,2013,Go Home Dinosaurs!,4.99,7.45,521,Tower Defense
149,2013,Teleglitch: Die More Edition,12.99,7.45,2779,Action Roguelike
150,2014,The Binding of Isaac: Rebirth,14.99,8.73,236335,Action Roguelike
151,2014,South Park™: The Stick of Truth™,29.99,8.62,55420,RPG
152,2014,BattleBlock Theater®,14.99,8.61,67630,Co-op
153,2014,The Room,4.99,8.56,23163,Puzzle
154,2014,One Finger Death Punch,4.99,8.54,16059,Action
155,2014,METAL GEAR RISING: REVENGEANCE,29.99,8.5,64984,Great Soundtrack
156,2014,The Expendabros,0.0,8.49,17792,Action
157,2014,Everlasting Summer,0.0,8.46,65552,Visual Novel
158,2014,Kingdom Rush - Tower Defense,9.99,8.44,11158,Tower Defense
159,2014,The Talos Principle,29.99,8.41,26460,Puzzle
160,2014,Valiant Hearts: The Great War™ / Soldats Inconnus : Mémoires de la Grande Guerre™,14.99,8.4,22847,Atmospheric
161,2014,Geometry Dash,3.99,8.39,233619,Difficult
162,2014,Shovel Knight: Treasure Trove,39.99,8.39,14839,Platformer
163,2014,LISA: The Painful,9.99,8.39,12961,Dark Humor
164,2014,NEKOPARA Vol. 1,9.99,8.39,26170,Anime
165,2014,Hexcells,2.99,8.34,5170,Puzzle
166,2014,Hexcells Infinite,4.99,8.32,3819,Puzzle
167,2014,Princess Remedy in a World of Hurt,0.0,8.32,2764,Female Protagonist
168,2014,Transistor,3.99,8.32,29202,Great Soundtrack
169,2014,LYNE,2.99,8.31,8017,Puzzle
170,2014,This War of Mine,3.99,8.3,91800,Survival
171,2014,Creeper World 3: Arc Eternal,14.99,8.29,4272,Tower Defense
172,2014,Mount Your Friends,4.99,8.26,7654,Funny
173,2014,Epic Battle Fantasy 4,14.99,8.26,2863,JRPG
174,2014,Alien: Isolation,7.99,8.26,50898,Horror
175,2014,Assetto Corsa,19.99,8.25,93076,Racing
176,2014,Bloons TD 5,9.99,8.25,10208,Tower Defense
177,2014,Rise of Nations: Extended Edition,4.99,8.24,12370,Strategy
178,2014,Sleeping Dogs: Definitive Edition,19.99,8.24,52755,Open World
179,2014,Resident Evil 4 (2005),19.99,8.24,62150,Inventory Management
180,2014,Middle-earth™: Shadow of Mordor™,9.99,8.24,79536,Open World
181,2014,Floating Point,0.0,8.24,3730,Relaxing
182,2014,Door Kickers,19.99,8.23,9325,Tactical
183,2014,Insurgency,14.99,8.23,124636,FPS
184,2014,Five Nights at Freddy's 2,7.99,8.22,16686,Horror
185,2014,Freedom Planet,14.99,8.21,4459,Platformer
186,2014,Choice of Robots,6.99,8.2,1946,Choose Your Own Adventure
187,2014,Five Nights at Freddy's,4.99,8.19,36968,Horror
188,2014,Life Goes On: Done to Death,12.99,8.18,2344,Funny
189,2014,Age of Mythology: Extended Edition,7.49,8.18,29280,Strategy
190,2014,Blackwell Epiphany,9.99,8.17,805,Adventure
191,2014,Lethal League,13.99,8.16,5992,Fighting
192,2014,Octodad: Dadliest Catch,14.99,8.16,9107,Comedy
193,2014,Hatoful Boyfriend,9.99,8.15,6940,Visual Novel
194,2014,Hidden in Plain Sight,5.99,8.14,474,Casual
195,2014,TowerFall Ascension,14.99,8.13,3087,Local Multiplayer
196,2014,Grim Legends: The Forsaken Bride,9.99,8.13,1446,Hidden Object
197,2014,A Story About My Uncle,14.99,8.13,28235,Adventure
198,2014,Double Action: Boogaloo,0.0,8.13,11202,Action
199,2014,One Way Heroics,3.49,8.12,3923,Side Scroller
200,2014,The Legend of Heroes: Trails in the Sky,19.99,8.12,7444,JRPG
201,2014,Amazing Frog?,15.99,8.11,8425,Funny
202,2014,Fistful of Frags,0.0,8.11,34584,PvP
203,2014,Wolfenstein: The New Order,19.99,8.11,48887,FPS
204,2014,Child of Light,4.49,8.1,12636,RPG
205,2014,Detective Grimoire,6.99,8.1,1757,Adventure
206,2014,Grim Legends 2: Song of the Dark Swan,9.99,8.1,1192,Hidden Object
207,2014,Men of War: Assault Squad 2,29.99,8.09,37990,Strategy
208,2014,Hexcells Plus,2.99,8.09,2340,Puzzle
209,2014,Jazzpunk: Director's Cut,14.99,8.08,6606,Comedy
210,2014,The Last Door - Collector's Edition,9.99,8.08,2091,Pixel Graphics
211,2014,Goat Simulator,9.99,8.07,63230,Simulation
212,2014,Farming Simulator 15,12.99,8.07,14209,Farming Sim
213,2014,Ikaruga,9.99,8.07,2028,Shoot 'Em Up
214,2014,Turbo Dismount™,9.99,8.07,5201,Funny
215,2014,KAMI,3.99,8.07,1170,Puzzle
216,2014,NoLimits 2 Roller Coaster Simulation,39.99,8.06,1166,Simulation
217,2014,Coming Out on Top,14.99,8.06,1295,Dating Sim
218,2014,Infested Planet,14.99,8.05,2767,Strategy
219,2014,Divinity: Original Sin (Classic),39.99,8.05,11650,RPG
220,2014,Guacamelee! Super Turbo Championship Edition,14.99,8.04,6161,Metroidvania
221,2014,Chicken Invaders 4,4.99,8.03,443,Action
222,2014,Banished,19.99,8.03,39657,City Builder
223,2014,UnEpic,12.99,8.02,7637,RPG
224,2014,Max: The Curse of Brotherhood,2.99,8.02,1359,Adventure
225,2014,Crimson Imprint plus -Nonexistent Christmas-,1.99,8.0,1980,Visual Novel
226,2014,Metro: Last Light Redux,19.99,7.99,56868,Post-apocalyptic
227,2014,The Last Sovereign,0.0,7.99,457,Dating Sim
228,2014,The Journey Down: Chapter Two,14.99,7.99,504,Atmospheric
229,2014,Super Panda Adventures,4.99,7.98,883,Platformer
230,2014,Bloons Monkey City,0.0,7.98,4612,Strategy
231,2014,Metro 2033 Redux,19.99,7.98,71101,Post-apocalyptic
232,2014,Sunrider: Mask of Arcadius,0.0,7.97,2763,Anime
233,2014,Valkyria Chronicles™,19.99,7.96,12156,Anime
234,2014,Momodora III,1.99,7.96,1183,Action
235,2014,Rodina,14.99,7.95,1314,Space
236,2014,FINAL FANTASY XIV Online,19.99,7.94,65189,MMORPG
237,2014,Black Ice,19.99,7.94,575,Exploration
238,2014,DARK SOULS™ II,24.99,7.93,40302,Souls-like
239,2014,Crimsonland,13.99,7.93,2697,Action
240,2014,ibb & obb,11.99,7.93,5965,Co-op
241,2014,LUFTRAUSERS,9.99,7.93,4210,Bullet Hell
242,2014,Shovel Knight: Shovel of Hope,14.99,7.92,650,Action
243,2014,Ultra Street Fighter® IV,14.99,7.91,12951,Fighting
244,2014,Town of Salem,4.99,7.91,35937,Strategy
245,2014,Sherlock Holmes: Crimes and Punishments,5.99,7.91,6016,Detective
246,2014,Escape Goat 2,9.99,7.91,405,Platformer
247,2014,Wargame: Red Dragon,29.99,7.9,17005,Strategy
248,2014,Voices from the Sea,0.0,7.89,1234,Visual Novel
249,2014,Boson X,2.99,7.89,1549,Difficult
250,2014,Legend of Grimrock 2,23.99,7.87,3387,Dungeon Crawler
251,2014,The Banner Saga,24.99,7.87,14652,RPG
252,2014,METAL SLUG 3,7.99,7.86,7699,Arcade
253,2014,Danmaku Amanojaku ~ Impossible Spell Card.,10.99,7.86,140,Bullet Hell
254,2014,NEO Scavenger,14.99,7.86,4844,Survival
255,2014,Lovely Planet,5.99,7.85,2575,Action
256,2014,Screencheat,14.99,7.85,1729,Split Screen
257,2014,Knightmare Tower,3.99,7.85,593,Action
258,2014,The Sims™ 4,0.0,7.85,95450,Life Sim
259,2014,Sisyphus Reborn,0.0,7.84,931,Adventure
260,2014,Nidhogg,9.99,7.84,7358,Local Multiplayer
261,2014,The Jackbox Party Pack,24.99,7.84,1629,Casual
262,2014,Depth,19.99,7.84,32335,Action
263,2014,Mountain,0.99,7.84,15962,Simulation
264,2014,Shadowrun: Dragonfall - Director's Cut,14.99,7.83,5836,RPG
265,2014,Craft The World,18.99,7.82,13661,Sandbox
266,2014,Year Walk,5.99,7.82,1921,Horror
267,2014,LEGO® Batman™ 3: Beyond Gotham,19.99,7.82,6502,LEGO
268,2014,Tin Star,11.99,7.81,289,RPG
269,2014,Micron,2.99,7.81,166,Casual
270,2014,Marvin's Mittens,5.99,7.8,194,Adventure
271,2014,Super Trench Attack!,4.99,7.8,1257,Action
272,2014,Sokobond,9.99,7.8,543,Sokoban
273,2014,The Vanishing of Ethan Carter,19.99,7.79,8556,Mystery
274,2014,Roundabout,9.99,7.79,557,FMV
275,2014,Sigils of Elohim,0.0,7.78,1053,Puzzle
276,2014,Contraption Maker,9.99,7.78,1176,Puzzle
277,2014,QP Shooting - Dangerous!!,7.99,7.78,480,Bullet Hell
278,2014,Danmaku Unlimited 2,4.99,7.78,436,Bullet Hell
279,2014,Icewind Dale: Enhanced Edition,19.99,7.78,2641,RPG
280,2014,Caravaneer 2,5.99,7.77,341,RPG
281,2014,Splatter - Zombiecalypse Now,6.99,7.77,2265,Action
282,2014,The Desolate Hope,0.0,7.77,1275,RPG
283,2014,BlazBlue: Continuum Shift Extend,19.99,7.76,1483,Fighting
284,2014,LOVE,0.59,7.75,1123,Platformer
285,2014,THE KING OF FIGHTERS '98 ULTIMATE MATCH FINAL EDITION,14.99,7.75,2398,Fighting
286,2014,Dungeonmans,14.99,7.75,985,Traditional Roguelike
287,2014,Home Sheep Home: Farmageddon Party Edition,9.99,7.74,243,Puzzle
288,2014,Dungeon of the ENDLESS™,11.99,7.74,11795,Roguelike
289,2014,Death Skid Marks,0.0,7.73,702,Action
290,2014,Monsters Ate My Birthday Cake,7.99,7.73,95,Adventure
291,2014,Letter Quest: Grimm's Journey,7.99,7.72,387,Casual
292,2014,Ryse: Son of Rome,9.99,7.72,34353,Hack and Slash
293,2014,The Counting Kingdom,6.99,7.72,107,Casual
294,2014,Xenonauts,12.49,7.71,4286,Turn-Based Strategy
295,2014,Desert Golfing,1.99,7.71,75,Sports
296,2014,Gabriel Knight: Sins of the Fathers 20th Anniversary Edition,19.99,7.7,976,Adventure
297,2014,Boring Man - Online Tactical Stickman Combat,0.0,7.7,5423,Side Scroller
298,2014,Half Minute Hero: The Second Coming,9.99,7.7,537,RPG
299,2014,Cannon Brawl,14.99,7.7,776,Local Multiplayer
300,2015,The Witcher® 3: Wild Hunt,11.99,8.66,716110,Open World
301,2015,BeamNG.drive,24.99,8.66,172806,Simulation
302,2015,Undertale,9.99,8.64,195523,Great Soundtrack
303,2015,Life is Strange - Episode 1,0.0,8.58,159659,Story Rich
304,2015,Broforce,14.99,8.57,51778,America
305,2015,Dying Light,8.99,8.55,376763,Zombies
306,2015,Duck Game,12.99,8.5,34980,Funny
307,2015,Keep Talking and Nobody Explodes,14.99,8.49,12069,Co-op
308,2015,Eternal Senia,0.0,8.48,11767,Anime
309,2015,Kerbal Space Program,9.99,8.46,114306,Space
310,2015,Fran Bow,14.99,8.46,13341,Psychological Horror
311,2015,HuniePop,9.99,8.46,29879,Nudity
312,2015,SOMA,29.99,8.46,35204,Horror
313,2015,Universe Sandbox,20.09,8.42,20046,Sandbox
314,2015,Crypt of the NecroDancer,2.99,8.42,22907,Rhythm
315,2015,Nuclear Throne,11.99,8.41,16487,Action Roguelike
316,2015,Hook,1.99,8.41,8618,Casual
317,2015,Mini Metro,9.99,8.39,13466,Strategy
318,2015,Refunct,2.99,8.38,16948,Parkour
319,2015,Cities: Skylines,29.99,8.38,228028,City Builder
320,2015,Downwell,2.99,8.38,7330,Precision Platformer
321,2015,Hylics,2.99,8.37,3625,Surreal
322,2015,Tabletop Simulator,19.99,8.34,58804,Tabletop
323,2015,GUILTY GEAR XX ACCENT CORE PLUS R,14.99,8.33,5646,Fighting
324,2015,The Legend of Heroes: Trails in the Sky SC,29.99,8.32,2764,JRPG
325,2015,Hotline Miami 2: Wrong Number,14.99,8.31,47769,Great Soundtrack
326,2015,TIS-100,6.99,8.29,3576,Programming
327,2015,Shower With Your Dad Simulator 2015: Do You Still Shower With Your Dad,0.99,8.28,9703,Family Friendly
328,2015,fault - milestone two side:above,14.99,8.27,2509,Visual Novel
329,2015,Hyperdimension Neptunia Re;Birth1,14.99,8.27,11679,Anime
330,2015,eden*,19.99,8.26,3117,Visual Novel
331,2015,Caves of Qud,19.99,8.25,5829,Roguelike
332,2015,NEKOPARA Vol. 0,2.99,8.25,17163,Anime
333,2015,Hacknet,9.99,8.24,22481,Hacking
334,2015,Higurashi When They Cry Hou - Ch.1 Onikakushi,0.0,8.23,4022,Visual Novel
335,2015,GemCraft - Chasing Shadows,9.99,8.23,3643,Tower Defense
336,2015,Touhou Kanjuden ~ Legacy of Lunatic Kingdom.,14.99,8.22,1022,Bullet Hell
337,2015,Viscera Cleanup Detail,12.99,8.21,17993,Simulation
338,2015,Gaokao.Love.100Days,9.99,8.2,6908,Dating Sim
339,2015,Cat Goes Fishing,6.99,8.2,8344,Fishing
340,2015,Mad Max,19.99,8.19,67719,Open World
341,2015,Timberman,0.3,8.18,11151,Casual
342,2015,Contradiction: Spot The Liar,12.99,8.16,2823,Detective
343,2015,Software Inc.,15.99,8.16,5906,Management
344,2015,DISTRAINT: Deluxe Edition,0.84,8.16,11109,Horror
345,2015,Resident Evil,19.99,8.16,19716,Survival Horror
346,2015,"Dr. Langeskov, The Tiger, and The Terribly Cursed Emerald: A Whirlwind Heist",0.0,8.15,9300,Comedy
347,2015,THE KING OF FIGHTERS 2002 UNLIMITED MATCH,14.99,8.15,3676,Fighting
348,2015,Hyperdimension Neptunia Re;Birth3 V Generation,14.99,8.15,3302,Anime
349,2015,METAL GEAR SOLID V: THE PHANTOM PAIN,19.99,8.15,83232,Stealth
350,2015,Spooky's Jump Scare Mansion,0.0,8.15,13575,Horror
351,2015,Dungeon Warfare,9.99,8.14,1707,Tower Defense
352,2015,The Jackbox Party Pack 2,24.99,8.14,1836,Trivia
353,2015,Mushihimesama,19.99,8.14,1199,Bullet Hell
354,2015,Relic Hunters Zero: Remix,0.0,8.13,6765,Looter Shooter
355,2015,SimplePlanes,12.99,8.12,9313,Automation
356,2015,The Silent Age,9.99,8.12,6774,Point & Click
357,2015,Higurashi When They Cry Hou - Ch.2 Watanagashi,7.99,8.11,1038,Visual Novel
358,2015,Five Nights at Freddy's 4,7.99,8.11,11054,Horror
359,2015,Car Mechanic Simulator 2015,19.99,8.11,14270,Automobile Sim
360,2015,Automation - The Car Company Tycoon Game,29.99,8.1,9617,Simulation
361,2015,Chicken Invaders 5,4.99,8.1,887,Casual
362,2015,Reassembly,14.99,8.1,3686,Building
363,2015,Infinifactory,24.99,8.09,2277,Puzzle
364,2015,Love at First Sight,9.99,8.09,1268,Visual Novel
365,2015,Human Resource Machine,14.99,8.09,3852,Programming
366,2015,HELLDIVERS™ Dive Harder Edition,19.99,8.09,23813,Online Co-Op
367,2015,Bullet Heaven 2,14.99,8.09,413,Bullet Hell
368,2015,Aviary Attorney,14.99,8.08,1963,Visual Novel
369,2015,Paint it Back,7.99,8.07,483,Puzzle
370,2015,Hero of the Kingdom II,7.99,8.07,2256,Adventure
371,2015,Kitty Powers' Matchmaker,9.99,8.07,1237,Simulation
372,2015,Prison Architect,29.99,8.07,65402,Simulation
373,2015,Tormentum - Dark Sorrow,11.99,8.05,2459,Point & Click
374,2015,Chroma Squad,14.99,8.05,4028,RPG
375,2015,12 Labours of Hercules,2.99,8.05,2933,Casual
376,2015,Viridi,0.0,8.04,8476,Relaxing
377,2015,Technobabylon,14.99,8.04,1380,Adventure
378,2015,Clicker Heroes,0.0,8.04,58750,Clicker
379,2015,Assault Android Cactus+,19.99,8.03,1826,Bullet Hell
380,2015,Lovers in a Dangerous Spacetime,14.99,8.02,3460,Local Co-Op
381,2015,Kingdom: Classic,0.0,8.01,20059,Singleplayer
382,2015,Shantae and the Pirate's Curse,19.99,8.01,2468,Platformer
383,2015,Endless Sky,0.0,8.01,5829,Space
384,2015,Streets of Fury EX,9.99,8.0,623,Beat 'em up
385,2015,Rampage Knights,12.99,8.0,3400,Co-op
386,2015,A Good Snowman Is Hard To Build,9.99,8.0,815,Cute
387,2015,Barony,14.99,8.0,4647,Action Roguelike
388,2015,Divinity: Original Sin - Enhanced Edition,39.99,8.0,23552,RPG
389,2015,Robot Roller-Derby Disco Dodgeball,9.99,7.99,3858,Arena Shooter
390,2015,Dropsy,9.99,7.99,1761,Point & Click
391,2015,Quell,3.99,7.98,367,Puzzle
392,2015,"Invisible, Inc.",19.99,7.98,5249,Stealth
393,2015,Axiom Verge,9.99,7.97,5156,Metroidvania
394,2015,LEGO® Jurassic World,19.99,7.97,7042,LEGO
395,2015,Lakeview Cabin Collection,9.99,7.96,1712,Survival Horror
396,2015,Hyperdimension Neptunia Re;Birth2: Sisters Generation,14.99,7.96,3122,Anime
397,2015,Grow Home,7.99,7.96,5104,Open World
398,2015,The Escapists,17.99,7.96,15472,Pixel Graphics
399,2015,Endless ATC,6.99,7.95,322,Immersive Sim
400,2015,Devil May Cry 4 Special Edition,24.99,7.95,13181,Action
401,2015,Jigoku Kisetsukan: Sense of the Seasons,0.0,7.95,1746,Bullet Hell
402,2015,Amnesia™: Memories,9.99,7.94,3172,Otome
403,2015,Kero Blaster,9.99,7.94,1219,Side Scroller
404,2015,Dino Run DX,5.99,7.94,1272,Dinosaurs
405,2015,A Kiss For The Petals - Remembering How We Met,7.99,7.94,1525,Female Protagonist
406,2015,Renowned Explorers: International Society,19.99,7.93,2728,Strategy
407,2015,Duet,4.99,7.92,753,Action
408,2015,Gravity Ghost,14.99,7.92,292,Great Soundtrack
409,2015,Tom Clancy's Rainbow Six® Siege,19.99,7.92,1130656,FPS
410,2015,Nyan Cat: Lost In Space,2.49,7.92,1712,Memes
411,2015,"Guns, Gore & Cannoli",9.99,7.91,3076,Action
412,2015,Grim Fandango Remastered,14.99,7.91,6946,Adventure
413,2015,Sky Force Anniversary,9.99,7.91,1905,Shoot 'Em Up
414,2015,Wolfenstein: The Old Blood,19.99,7.9,16722,FPS
415,2015,Secrets of Grindea,14.99,7.9,5940,Action RPG
416,2015,Spooky Bonus,9.99,7.9,280,Casual
417,2015,DRAGON BALL XENOVERSE,39.99,7.9,17530,Anime
418,2015,Regency Solitaire,2.49,7.9,699,Solitaire
419,2015,AdVenture Capitalist,0.0,7.89,54417,Clicker
420,2015,Emily is Away,0.0,7.89,30896,Story Rich
421,2015,Hand of Fate,19.99,7.89,10292,Roguelike Deckbuilder
422,2015,Templar Battleforce,9.99,7.89,882,Turn-Based Tactics
423,2015,Fausts Alptraum,0.0,7.89,995,Horror
424,2015,Snakebird,6.99,7.89,1015,Puzzle
425,2015,The Fruit of Grisaia,39.99,7.89,975,Visual Novel
426,2015,Blockwick 2,9.99,7.89,170,Casual
427,2015,HyperRogue,9.99,7.88,398,Traditional Roguelike
428,2015,Grand Theft Auto V,14.98,7.88,1543876,Open World
429,2015,Monstrum,17.99,7.88,2928,Horror
430,2015,Zoombinis,9.99,7.88,961,Casual
431,2015,The Magic Circle,19.99,7.88,1362,Adventure
432,2015,Voidspire Tactics,14.99,7.87,231,RPG
433,2015,Koi-Koi Japan [Hanafuda playing cards],9.99,7.87,1089,Casual
434,2015,Flywrench,6.99,7.87,290,Action
435,2015,Her Story,9.99,7.87,8396,Investigation
436,2015,Turbo Pug,0.79,7.87,3380,Pixel Graphics
437,2015,Farm Frenzy Collection,19.99,7.86,299,Casual
438,2015,Pink Hour,0.0,7.86,972,Pixel Graphics
439,2015,Snail Bob 2: Tiny Troubles,4.99,7.86,174,Casual
440,2015,Party Hard,9.99,7.86,9278,Pixel Graphics
441,2015,SanctuaryRPG: Black Edition,0.79,7.86,1527,RPG
442,2015,Westerado: Double Barreled,14.99,7.85,1780,Western
443,2015,Dreaming Sarah,5.99,7.85,2582,Metroidvania
444,2015,Carpe Diem,0.0,7.85,8319,Anime
445,2015,Tokyo School Life,14.99,7.84,667,Anime
446,2015,Five Nights at Freddy's 3,7.99,7.84,7915,Horror
447,2015,GUILTY GEAR Xrd -SIGN-,29.99,7.84,2371,Fighting
448,2015,Divide By Sheep,4.99,7.84,2535,Puzzle
449,2015,Pillars of Eternity,7.49,7.83,21954,RPG
450,2016,Stardew Valley,14.99,8.82,560195,Farming Sim
451,2016,Don't Starve Together,14.99,8.63,385347,Survival
452,2016,OneShot,9.99,8.63,35007,Story Rich
453,2016,American Truck Simulator,19.99,8.6,125901,Automobile Sim
454,2016,VA-11 Hall-A: Cyberpunk Bartender Action,14.99,8.57,31496,Cyberpunk
455,2016,Iron Snout,0.0,8.53,17010,2D Fighter
456,2016,INSIDE,19.99,8.53,46545,2.5D
457,2016,The Room Two,4.99,8.52,16148,Puzzle
458,2016,DOOM,19.99,8.52,177580,FPS
459,2016,Enter the Gungeon,14.99,8.51,72394,Bullet Hell
460,2016,STEINS;GATE,29.99,8.49,14477,Visual Novel
461,2016,Human: Fall Flat,19.99,8.48,182773,Co-op
462,2016,"Hot Dogs, Horseshoes & Hand Grenades",19.99,8.48,17881,Sandbox
463,2016,Titanfall® 2,29.99,8.47,160947,FPS
464,2016,Ori and the Blind Forest: Definitive Edition,4.99,8.47,57489,Atmospheric
465,2016,DARK SOULS™ III,59.99,8.47,348677,Souls-like
466,2016,Shadow Tactics: Blades of the Shogun,3.99,8.47,33604,Stealth
467,2016,Sally Face - Episode One,2.99,8.46,14881,Story Rich
468,2016,Ultimate Chicken Horse,14.99,8.45,33261,Funny
469,2016,Danganronpa 2: Goodbye Despair,19.99,8.45,22103,Anime
470,2016,Danganronpa: Trigger Happy Havoc,19.99,8.45,25464,Anime
471,2016,NEKOPARA Vol. 2,9.99,8.45,12327,Anime
472,2016,Rabi-Ribi,17.99,8.41,10648,Anime
473,2016,Rise of the Tomb Raider™,9.99,8.39,117116,Adventure
474,2016,Blood and Bacon,0.49,8.38,30480,Gore
475,2016,Glass Masquerade,4.99,8.37,5831,Puzzle
476,2016,Plague Inc: Evolved,5.09,8.37,47178,Strategy
477,2016,Kingdom Rush Frontiers - Tower Defense,9.99,8.36,6960,Tower Defense
478,2016,The Jackbox Party Pack 3,24.99,8.35,5245,Trivia
479,2016,My Summer Car,14.99,8.34,52377,Automobile Sim
480,2016,Grim Dawn,24.99,8.34,83293,Action RPG
481,2016,Bit Blaster XL,0.99,8.34,6105,Arcade
482,2016,klocki,1.99,8.33,4530,Relaxing
483,2016,TY the Tasmanian Tiger,14.99,8.33,2375,3D Platformer
484,2016,Pony Island,4.99,8.33,13812,Puzzle
485,2016,Rusty Lake: Roots,2.99,8.32,5737,Puzzle
486,2016,Mad Father,9.99,8.32,3993,Horror
487,2016,Montaro,0.99,8.32,12154,Memes
488,2016,Starbound,14.99,8.31,160398,Open World Survival Craft
489,2016,Day of the Tentacle Remastered,14.99,8.31,3863,Point & Click
490,2016,SpeedRunners,14.99,8.3,34592,Racing
491,2016,Scrap Mechanic,19.99,8.3,97135,Building
492,2016,Rusty Lake Hotel,1.99,8.29,6767,Puzzle
493,2016,Devil Daggers,9.99,8.28,8022,FPS
494,2016,Zup! 2,1.99,8.27,6378,Puzzle
495,2016,Hearts of Iron IV,39.99,8.27,226948,Strategy
496,2016,DEADBOLT,9.99,8.26,4669,Pixel Graphics
497,2016,EARTH DEFENSE FORCE 4.1 The Shadow of New Despair,19.99,8.26,8592,Action
498,2016,The Elder Scrolls V: Skyrim Special Edition,39.99,8.26,249818,Open World
499,2016,Lucy -The Eternity She Wished For-,9.99,8.25,7554,Visual Novel
500,2016,LiEat,2.99,8.25,4118,Anime
501,2016,Brick Rigs,18.99,8.25,32022,Sandbox
502,2016,Shakes and Fidget,0.0,8.25,30133,RPG
503,2016,Crazy Machines 3,9.99,8.25,9284,Simulation
504,2016,Farming Simulator 17,14.99,8.23,22288,Farming Sim
505,2016,The Lab,0.0,8.22,5681,Action
506,2016,Transmissions: Element 120,0.0,8.22,9381,Action
507,2016,ASTRONEER,29.99,8.22,105690,Open World
508,2016,Epistory - Typing Chronicles,7.49,8.22,6084,Typing
509,2016,FINAL FANTASY IX,20.99,8.21,9217,JRPG
510,2016,Hyper Light Drifter,19.99,8.21,16153,Pixel Graphics
511,2016,MANDAGON,0.0,8.21,5493,Pixel Graphics
512,2016,Trick & Treat,0.0,8.2,2184,Pixel Graphics
513,2016,Darkest Dungeon®,24.99,8.2,123789,Turn-Based Combat
514,2016,Zup!,1.99,8.2,8339,Puzzle
515,2016,ABZU,6.99,8.2,23172,Relaxing
516,2016,The Thrill of the Fight - VR Boxing,9.99,8.19,3427,Sports
517,2016,Momodora: Reverie Under The Moonlight,9.99,8.19,10024,Metroidvania
518,2016,GUILTY GEAR Xrd REV 2,29.99,8.19,8890,Fighting
519,2016,The House in Fata Morgana,24.99,8.18,3317,Visual Novel
520,2016,Wuppo: Definitive Edition,14.99,8.18,5018,Metroidvania
521,2016,SHENZHEN I/O,14.99,8.18,3606,Programming
522,2016,Hello Charlotte EP2: Requiem Aeternam Deo,0.0,8.18,1146,RPG
523,2016,Learn to Fly 3,0.0,8.17,7634,Casual
524,2016,Kindred Spirits on the Roof,34.99,8.17,1167,Visual Novel
525,2016,Google Earth VR,0.0,8.17,3491,Simulation
526,2016,Clustertruck,14.99,8.17,13562,Parkour
527,2016,Brigador: Up-Armored Edition,24.99,8.17,4812,Cyberpunk
528,2016,PRICE,0.0,8.16,4932,Puzzle
529,2016,Tayutama 2-you're the only one-,34.99,8.16,2314,Anime
530,2016,Eleven Table Tennis,29.99,8.15,3014,Sports
531,2016,Samorost 3,4.99,8.15,4024,Point & Click
532,2016,SENRAN KAGURA SHINOVI VERSUS,19.99,8.15,3708,Anime
533,2016,Zenge,0.99,8.15,2944,Puzzle
534,2016,Higurashi When They Cry Hou - Ch.3 Tatarigoroshi,7.99,8.15,661,Visual Novel
535,2016,SteamWorld Heist,14.99,8.14,4879,Strategy
536,2016,Rec Room,0.0,8.14,50468,Online Co-Op
537,2016,NARUTO SHIPPUDEN: Ultimate Ninja STORM 4,29.99,8.14,76029,Anime
538,2016,Planet Coaster,44.99,8.13,59086,Simulation
539,2016,Turmoil,9.99,8.13,11333,Mining
540,2016,Megadimension Neptunia VII,19.99,8.13,3109,Anime
541,2016,SEUM: Speedrunners from Hell,14.99,8.13,2840,3D Platformer
542,2016,Angels of Death,9.99,8.12,4097,Puzzle
543,2016,Zeus + Poseidon,9.99,8.11,1375,City Builder
544,2016,Highway Blossoms,12.99,8.11,2460,Story Rich
545,2016,Out There Somewhere,0.99,8.1,6898,Platformer
546,2016,Death Road to Canada,14.99,8.1,7334,Pixel Graphics
547,2016,Oxenfree,9.99,8.1,10577,Story Rich
548,2016,Beholder,9.99,8.1,23449,Dystopian 
549,2016,Flowers -Le volume sur printemps-,19.99,8.09,1504,Female Protagonist
550,2016,Umineko When They Cry - Question Arcs,24.99,8.09,1579,Great Soundtrack
551,2016,Khimera: Destroy All Monster Girls,0.0,8.09,1321,Platformer
552,2016,Ara Fell: Enhanced Edition,14.99,8.09,1744,RPG
553,2016,Titan Quest Anniversary Edition,19.99,8.08,30480,RPG
554,2016,Brief Karate Foolish,0.0,8.08,2633,Psychological Horror
555,2016,Creeper World: Anniversary Edition,4.99,8.07,675,Strategy
556,2016,ACE Academy,4.99,8.07,1455,Choose Your Own Adventure
557,2016,Stephen's Sausage Roll,29.99,8.07,1335,Puzzle
558,2016,N++ (NPLUSPLUS),14.99,8.06,2795,Precision Platformer
559,2016,Narcissu 10th Anniversary Anthology Project,2.99,8.06,526,Visual Novel
560,2016,Melody's Escape,9.99,8.06,4824,Music-Based Procedural Generation
561,2016,BLUE REVOLVER,14.99,8.06,400,Shoot 'Em Up
562,2016,Poly Bridge,9.99,8.06,15715,Building
563,2016,The Count Lucanor,9.99,8.06,2149,Survival Horror
564,2016,Motorsport Manager,19.99,8.05,12327,Management
565,2016,Recursed,7.99,8.05,431,Puzzle
566,2016,SUPERHOT,7.49,8.05,33850,Action
567,2016,Tattletail,4.99,8.04,3227,Horror
568,2016,Higurashi When They Cry Hou - Ch.4 Himatsubushi,5.99,8.04,467,Visual Novel
569,2016,Bloons TD Battles,0.0,8.04,27244,Tower Defense
570,2016,Hue,2.99,8.03,1968,Adventure
571,2016,ICEY,10.99,8.03,23858,Action
572,2016,Melty Blood Actress Again Current Code,24.99,8.03,3792,Anime
573,2016,Orwell: Keeping an Eye On You,9.99,8.02,14043,Choices Matter
574,2016,Season of 12 Colors,2.99,8.01,1973,Casual
575,2016,Muv-Luv (マブラヴ),29.99,8.01,1014,Visual Novel
576,2016,Lazerbait,0.0,8.01,488,Strategy
577,2016,DoDonPachi Resurrection,29.99,8.0,808,Bullet Hell
578,2016,Accounting (Legacy),0.0,8.0,2460,Adventure
579,2016,Zombie Night Terror,12.99,8.0,3082,Zombies
580,2016,Rocksmith® 2014 Edition - Remastered,29.99,8.0,21158,Music
581,2016,FINAL FANTASY X/X-2 HD Remaster,29.99,8.0,15752,JRPG
582,2016,POSTAL Redux,8.99,8.0,4215,Online Co-Op
583,2016,Dragon's Dogma: Dark Arisen,29.99,8.0,32711,RPG
584,2016,Crush Crush,0.0,7.99,23135,Dating Sim
585,2016,Five Nights at Freddy's: Sister Location,7.99,7.99,9751,Horror
586,2016,Picross Touch,0.0,7.99,1374,Puzzle
587,2016,Overcooked,16.99,7.99,13249,Local Co-Op
588,2016,Valley,14.99,7.98,6356,Adventure
589,2016,Kathy Rain,9.99,7.98,3564,Point & Click
590,2016,Slayaway Camp,8.99,7.98,768,Puzzle
591,2016,Stellaris,39.99,7.98,146455,Space
592,2016,DRAGON BALL XENOVERSE 2,49.99,7.98,40607,Anime
593,2016,Deathsmiles,19.99,7.98,478,Shoot 'Em Up
594,2016,Furi,19.99,7.98,10591,Action
595,2016,Supipara - Chapter 1 Spring Has Come!,14.99,7.98,227,Adventure
596,2016,Move or Die,14.99,7.98,21856,Funny
597,2016,Tricky Towers,14.99,7.97,13262,Party Game
598,2016,Lost Lands: Mahjong,0.0,7.97,4943,Casual
599,2016,Lara Croft GO,9.99,7.97,3199,Puzzle
600,2017,Hollow Knight,14.99,8.7,285375,Metroidvania
601,2017,Slime Rancher,19.99,8.69,106006,Cute
602,2017,A Hat in Time,29.99,8.63,46558,Cute
603,2017,Doki Doki Literature Club!,0.0,8.62,186626,Psychological Horror
604,2017,Cuphead,19.99,8.6,134829,Difficult
605,2017,Ravenfield,17.99,8.58,58332,FPS
606,2017,Divinity: Original Sin 2 - Definitive Edition,44.99,8.57,161163,Tactical RPG
607,2017,Finding Paradise,9.99,8.53,15026,Story Rich
608,2017,VTOL VR,29.99,8.51,11494,Flight
609,2017,Gorogoa,14.99,8.49,13961,Puzzle
610,2017,CarX Drift Racing Online,14.99,8.46,60760,Racing
611,2017,West of Loathing,10.99,8.45,8354,RPG
612,2017,NEKOPARA Vol. 3,9.99,8.44,11608,Anime
613,2017,Touhou Tenkuushou ~ Hidden Star in Four Seasons.,14.99,8.44,4451,Bullet Hell
614,2017,Resident Evil 7 Biohazard,19.99,8.44,70713,Horror
615,2017,Little Nightmares,19.99,8.43,88266,Horror
616,2017,What Remains of Edith Finch,19.99,8.42,32241,Story Rich
617,2017,Rivals of Aether,29.99,8.4,27892,Fighting
618,2017,Superflight,2.99,8.38,10364,Flight
619,2017,Opus Magnum,19.99,8.38,5138,Puzzle
620,2017,Hidden Folks,14.99,8.38,8519,Hidden Object
621,2017,planetarian HD,9.99,8.37,2113,Visual Novel
622,2017,Stick Fight: The Game,4.99,8.37,107684,Funny
623,2017,DEEP SPACE WAIFU,4.99,8.34,8602,Anime
624,2017,Alien Swarm: Reactive Drop,0.0,8.33,19026,Top-Down
625,2017,Rusted Warfare - RTS,4.99,8.33,3564,RTS
626,2017,Pavlov VR,24.99,8.32,35778,Shooter
627,2017,Rakuen,14.99,8.32,5394,Story Rich
628,2017,Total War: WARHAMMER II,59.99,8.31,119497,Strategy
629,2017,Kindergarten,4.99,8.3,6194,Funny
630,2017,Raging Loop,29.99,8.3,3832,Adventure
631,2017,Cinderella Phenomenon - Otome/Visual Novel,0.0,8.3,3756,Otome
632,2017,Darkwood,3.74,8.29,15255,Horror
633,2017,Unturned,0.0,8.29,509828,Survival
634,2017,Dungeons 3,29.99,8.28,17237,Strategy
635,2017,Orbt XL,0.99,8.28,3241,Casual
636,2017,Monolith,7.99,8.28,1644,Roguelite
637,2017,Freddy Fazbear's Pizzeria Simulator,0.0,8.27,23047,Horror
638,2017,SteamWorld Dig 2,19.99,8.27,5704,Adventure
639,2017,Cat Quest,12.99,8.25,6977,Adventure
640,2017,Life is Strange: Before the Storm,16.99,8.25,35952,Story Rich
641,2017,Empires of the Undergrowth,17.99,8.25,8159,Strategy
642,2017,SCP: Secret Laboratory,0.0,8.23,157952,Horror
643,2017,Sonic Mania,19.99,8.23,22319,Great Soundtrack
644,2017,Majotori,5.99,8.22,1514,Trivia
645,2017,Night in the Woods,19.99,8.22,15171,Story Rich
646,2017,Battle Chef Brigade Deluxe,19.99,8.22,2178,Action
647,2017,Heat Signature,14.99,8.21,6548,Space
648,2017,Angels with Scaly Wings™ / 鱗羽の天使,9.99,8.21,1544,Dragons
649,2017,Crawl,14.99,8.21,6396,Pixel Graphics
650,2017,The Legend of Heroes: Trails of Cold Steel,39.99,8.2,4732,JRPG
651,2017,Kingdoms and Castles,14.99,8.2,24170,City Builder
652,2017,OLDTV,0.0,8.2,5324,Great Soundtrack
653,2017,Little Busters! English Edition,34.99,8.19,695,Visual Novel
654,2017,Cattails | Become a Cat!,14.99,8.18,2266,Cats
655,2017,SENRAN KAGURA ESTIVAL VERSUS,29.99,8.17,4934,Nudity
656,2017,BlazBlue Centralfiction,39.99,8.17,8785,Fighting
657,2017,Planescape: Torment: Enhanced Edition,19.99,8.17,3742,RPG
658,2017,Sudoku Universe / 数独宇宙,1.99,8.17,2257,Casual
659,2017,Soda Dungeon,0.0,8.17,5746,RPG
660,2017,Meltys Quest,19.99,8.17,1967,Dating Sim
661,2017,The Darkside Detective,14.99,8.16,3629,Point & Click
662,2017,Misao: Definitive Edition,4.99,8.16,1598,Horror
663,2017,The Long Dark,34.99,8.16,96896,Survival
664,2017,Draw Puzzle 画之谜,4.99,8.16,809,Casual
665,2017,The Evil Within 2,39.99,8.16,24578,Horror
666,2017,Spooky's Jump Scare Mansion: HD Renovation,9.99,8.16,2068,Horror
667,2017,Bayonetta,19.99,8.16,23884,Action
668,2017,Linelight,9.99,8.14,893,Casual
669,2017,Zup! 7,1.99,8.14,1989,Puzzle
670,2017,Muv-Luv Alternative (マブラヴ オルタネイティヴ),39.99,8.14,2114,Visual Novel
671,2017,The Jackbox Party Pack 4,24.99,8.14,2729,Casual
672,2017,Zero Escape: The Nonary Games,29.99,8.14,4385,Visual Novel
673,2017,X-Plane 11,29.99,8.13,15631,Simulation
674,2017,Hellblade: Senua's Sacrifice,7.49,8.13,55106,Atmospheric
675,2017,Rain World,11.24,8.13,14742,Difficult
676,2017,Pictopix,6.99,8.12,1026,Puzzle
677,2017,Cogmind,19.99,8.11,1355,Traditional Roguelike
678,2017,Emily is Away Too,4.99,8.11,5363,Simulation
679,2017,Outlast 2,29.99,8.11,42539,Horror
680,2017,Tales of Berseria™,49.99,8.1,16256,Anime
681,2017,Tametsi,2.99,8.1,799,Puzzle
682,2017,Space Pirate Trainer,14.99,8.09,2752,Action
683,2017,WILL: A Wonderful World / WILL：美好世界,14.99,8.09,5168,Visual Novel
684,2017,Okami HD,19.99,8.09,7393,Adventure
685,2017,Car Mechanic Simulator 2018,19.99,8.09,45616,Simulation
686,2017,Sniper Elite 4,59.99,8.09,47122,Sniper
687,2017,Thimbleweed Park™,19.99,8.08,3563,Adventure
688,2017,Ancient Warfare 3,12.99,8.08,2027,Sandbox
689,2017,I Expect You To Die,24.99,8.08,2306,Puzzle
690,2017,Confess My Love,0.0,8.08,4406,RPG
691,2017,Nightshade／百花百狼,34.99,8.08,646,Otome
692,2017,We Were Here,0.0,8.08,22341,Co-op
693,2017,Zombie Estate 2,4.99,8.07,563,Action
694,2017,Aircar,0.0,8.07,1986,Casual
695,2017,Pinkman,0.99,8.07,538,Casual
696,2017,Zup! 6,1.99,8.07,2196,Puzzle
697,2017,Short Stories Collection of Class Tangerine,7.99,8.07,858,Casual
698,2017,Charlie Murder,9.99,8.07,1597,Action
699,2017,Prey,29.99,8.07,42603,Sci-fi
700,2017,Forts,14.99,8.07,15038,Base Building
701,2017,Ken Follett's The Pillars of the Earth,1.99,8.06,5774,Choices Matter
702,2017,Symphonic Rain,39.99,8.06,644,Visual Novel
703,2017,Dominions 5 - Warriors of the Faith,39.99,8.05,1954,Strategy
704,2017,Deep Space Waifu: FLAT JUSTICE,2.99,8.04,2210,Dating Sim
705,2017,Banyu Lintar Angin - Little Storm -,0.0,8.04,720,Casual
706,2017,The End Is Nigh,14.99,8.04,2682,Precision Platformer
707,2017,Zup! 5,1.99,8.04,2594,Puzzle
708,2017,A Sky Full of Stars 仰望夜空的星辰,17.99,8.04,748,Choose Your Own Adventure
709,2017,Consummate:Missing World 寇莎梅特：困世迷情,0.39,8.04,1011,RPG
710,2017,Subsurface Circular,5.99,8.04,1727,Adventure
711,2017,Open Sorcery,3.99,8.03,321,Adventure
712,2017,Bai Qu: Hundreds of Melodies,9.99,8.03,662,Casual
713,2017,HIVESWAP: ACT 1,7.99,8.03,3822,Adventure
714,2017,NEKO-NIN exHeart,3.99,8.03,968,Anime
715,2017,Four Last Things,2.39,8.02,921,Adventure
716,2017,"Peace, Death!",4.99,8.02,1957,Funny
717,2017,Bleed 2,9.99,8.02,783,Action
718,2017,Zup! Zero,1.99,8.02,2509,Puzzle
719,2017,The Escapists 2,19.99,8.02,26104,Strategy
720,2017,家有大貓 Nekojishi,0.0,8.01,4012,Visual Novel
721,2017,MudRunner,19.99,8.01,28001,Offroad
722,2017,Higurashi When They Cry Hou - Ch. 5 Meakashi,7.99,8.01,507,Adventure
723,2017,Under Leaves,4.99,8.01,584,Hidden Object
724,2017,Blackberry Honey,12.99,8.01,482,Visual Novel
725,2017,D'LIRIUM,4.99,8.0,894,Violent
726,2017,The Sexy Brutale,19.99,8.0,3318,Puzzle
727,2017,The Legend of Heroes: Trails in the Sky the 3rd,29.99,8.0,1502,RPG
728,2017,Paradigm,14.99,8.0,1444,Adventure
729,2017,TY the Tasmanian Tiger 2,14.99,8.0,634,Adventure
730,2017,Umineko When They Cry - Answer Arcs,29.99,8.0,826,Great Soundtrack
731,2017,Wonderful Everyday Down the Rabbit-Hole,29.99,8.0,1208,Visual Novel
732,2017,Sky Force Reloaded,9.99,7.99,1924,Shoot 'Em Up
733,2017,20XX,14.99,7.98,4097,Platformer
734,2017,Batman: The Enemy Within - The Telltale Series,14.99,7.98,7058,Adventure
735,2017,Dream Daddy: A Dad Dating Simulator,14.99,7.97,5500,Dating Sim
736,2017,Colony Survival,19.99,7.97,6642,Colony Sim
737,2017,The Dishwasher: Vampire Smile,9.99,7.96,1090,Action
738,2017,Fantasynth One,0.0,7.96,455,Audio Production
739,2017,Bridge Constructor Portal,9.99,7.96,4649,Strategy
740,2017,D&D Lords of Waterdeep,9.99,7.96,1340,Strategy
741,2017,Soulslayer～灭魂·误佳期～,9.99,7.95,550,Adventure
742,2017,SeaBed,19.99,7.95,399,Visual Novel
743,2017,Golf It!,8.99,7.95,21520,Mini Golf
744,2017,Killer Instinct,9.99,7.95,3814,Fighting
745,2017,Full Throttle Remastered,14.99,7.94,2391,Adventure
746,2017,Fate/EXTELLA,39.99,7.94,4018,Anime
747,2017,3030 Deathwar Redux - A Space Odyssey,14.99,7.94,1078,Adventure
748,2017,Love Ribbon,9.99,7.94,1777,Dating Sim
749,2017,Yomawari: Midnight Shadows,19.99,7.94,660,Horror
750,2018,RimWorld,34.99,8.73,158906,Colony Sim
751,2018,Bloons TD 6,13.99,8.71,249801,Tower Defense
752,2018,Dead Cells,24.99,8.65,130523,Adventure
753,2018,Celeste,19.99,8.65,72012,Precision Platformer
754,2018,Subnautica,29.99,8.64,226846,Open World Survival Craft
755,2018,The Forest,19.99,8.59,477964,Open World Survival Craft
756,2018,GRIS,16.99,8.55,62174,Beautiful
757,2018,Mirror,0.79,8.54,86859,Dating Sim
758,2018,Blade and Sorcery,19.99,8.53,40936,Swordplay
759,2018,DUSK,19.99,8.53,18337,FPS
760,2018,Just Shapes & Beats,19.99,8.52,16718,Rhythm
761,2018,Return of the Obra Dinn,19.99,8.48,20470,Detective
762,2018,Zup! S,1.99,8.47,11840,Puzzle
763,2018,Epic Battle Fantasy 5,24.99,8.46,4627,Funny
764,2018,Yakuza 0,19.99,8.45,58732,Story Rich
765,2018,Ultimate Custom Night,0.0,8.44,46353,Horror
766,2018,Kenshi,29.99,8.44,67579,Open World
767,2018,Cube Escape: Paradox,0.0,8.42,7767,Puzzle
768,2018,Aim Lab,0.0,8.39,86523,FPS
769,2018,Farming Simulator 19,19.99,8.37,67386,Simulation
770,2018,Summer Pockets,44.99,8.37,2185,Adventure
771,2018,The Room Three,5.99,8.37,9357,Puzzle
772,2018,Fox Hime Zero,0.59,8.37,4540,Visual Novel
773,2018,Zup! X,1.99,8.35,6163,Puzzle
774,2018,NEKOPARA Extra,4.99,8.35,3416,Anime
775,2018,House Flipper,24.99,8.35,73671,Simulation
776,2018,Lethal League Blaze,19.99,8.34,5529,Action
777,2018,Sabbat of the Witch,29.99,8.34,2092,Visual Novel
778,2018,Coloring Pixels,0.0,8.33,5967,Pixel Graphics
779,2018,Among Us,3.49,8.32,659209,Online Co-Op
780,2018,Lobotomy Corporation | Monster Management Simulation,24.99,8.32,24877,Management
781,2018,Flowers -Le volume sur ete-,19.99,8.31,1011,Visual Novel
782,2018,Into the Breach,14.99,8.3,17029,Strategy
783,2018,Acting Lessons,9.99,8.3,4724,Dating Sim
784,2018,Hello Charlotte EP3: Childhood's End,2.99,8.3,1412,Gore
785,2018,Mark of the Ninja: Remastered,19.99,8.3,4748,Stealth
786,2018,STEINS;GATE 0,34.99,8.29,4796,Visual Novel
787,2018,The Walking Dead: The Final Season,19.99,8.29,15090,Story Rich
788,2018,Maitetsu:Pure Station,24.99,8.29,3211,Dating Sim
789,2018,Meteor 60 Seconds!,0.0,8.28,4184,Funny
790,2018,Kingdom Rush Origins - Tower Defense,14.99,8.28,5260,Tower Defense
791,2018,Farm Together,9.99,8.27,19404,Agriculture
792,2018,FAR: Lone Sails,14.99,8.27,14071,Atmospheric
793,2018,Airships: Conquer the Skies,24.99,8.27,4825,Grand Strategy
794,2018,Miracle Snack Shop,9.99,8.27,2214,Dating Sim
795,2018,Zup! 8,1.99,8.26,3890,Puzzle
796,2018,Yoku's Island Express,19.99,8.26,3973,Pinball
797,2018,The Witch's House MV,14.99,8.25,2432,Horror
798,2018,SYNTHETIK: Legion Rising,1.99,8.25,11539,Roguelite
799,2018,Door Kickers: Action Squad,13.99,8.24,8831,Pixel Graphics
800,2018,Bean Battles,0.99,8.24,8690,Action
801,2018,The Void Rains Upon Her Heart,12.99,8.23,554,Action Roguelike
802,2018,CrossCode,19.99,8.22,13815,Action RPG
803,2018,The Red Strings Club,14.99,8.22,9469,Cyberpunk
804,2018,DISTRAINT 2,1.52,8.22,3352,Psychological Horror
805,2018,Frostpunk,5.99,8.21,90148,City Builder
806,2018,永冻之壳 The Shell of Permafrost,0.0,8.21,1032,RPG
807,2018,Parkitect,29.99,8.2,6364,Management
808,2018,The Messenger,19.99,8.2,8388,Retro
809,2018,KovaaK's,9.99,8.18,28008,Action
810,2018,Wandersong,19.99,8.18,2967,Music
811,2018,The Crown of Leaves,4.99,8.18,1681,Adventure
812,2018,My Brother Rabbit,14.99,8.18,1563,Adventure
813,2018,Monster Prom,11.99,8.18,12249,Dating Sim
814,2018,The Ditzy Demons Are in Love With Me,24.99,8.17,1446,Visual Novel
815,2018,Rusty Lake Paradise,3.99,8.17,3796,Puzzle
816,2018,killer7,19.99,8.17,2292,Cult Classic
817,2018,Akane,4.99,8.17,2311,Cyberpunk
818,2018,Heartbound,9.99,8.17,1433,Story Rich
819,2018,Do Not Feed the Monkeys,11.99,8.17,8125,Point & Click
820,2018,"one night, hot springs",0.0,8.17,2267,Visual Novel
821,2018,Unavowed,14.99,8.16,1932,Adventure
822,2018,東方幕華祭 TouHou Makuka Sai ~ Fantastic Danmaku Festival,8.99,8.15,1173,Bullet Hell
823,2018,Mhakna Gramura and Fairy Bell,4.99,8.15,578,Casual
824,2018,Marie's Room,0.0,8.15,5996,Story Rich
825,2018,Crash Bandicoot™ N. Sane Trilogy,39.99,8.15,14710,3D Platformer
826,2018,Hentai Girl,0.69,8.15,13762,Dating Sim
827,2018,Pit People®,19.99,8.15,7532,Online Co-Op
828,2018,Hentai Girl Linda,0.69,8.15,4589,Dating Sim
829,2018,Moss,19.99,8.14,2810,Action-Adventure
830,2018,"OH MY GOD, LOOK AT THIS KNIGHT",0.0,8.14,1809,Adventure
831,2018,DEEP SPACE WAIFU: NEKOMIMI,3.99,8.14,1024,Nudity
832,2018,Scalak,1.99,8.14,838,Casual
833,2018,Liftoff®: FPV Drone Racing,19.99,8.14,6878,Simulation
834,2018,The House in Fata Morgana: A Requiem for Innocence,14.99,8.13,785,Adventure
835,2018,Bloodstained: Curse of the Moon,9.99,8.13,3763,Action
836,2018,Horizon Chase Turbo,19.99,8.13,4868,Racing
837,2018,The Awesome Adventures of Captain Spirit,0.0,8.13,12854,Story Rich
838,2018,Noel the Mortal Fate S1-7,14.99,8.13,1841,Adventure
839,2018,Swarmlake,2.99,8.13,1645,FPS
840,2018,PIPE by BMX Streets,9.99,8.12,5896,Sports
841,2018,Yume Nikki,0.0,8.12,5617,Psychological Horror
842,2018,RetroMaze,0.99,8.12,1147,Casual
843,2018,Delete,1.99,8.12,1315,Casual
844,2018,Two Point Hospital,29.99,8.12,30014,Simulation
845,2018,Jet Island,19.99,8.12,1576,Action
846,2018,"Guns, Gore and Cannoli 2",12.99,8.12,3569,Action
847,2018,Higurashi When They Cry Hou - Ch.6 Tsumihoroboshi,7.99,8.12,462,Visual Novel
848,2018,Chinese Parents,9.99,8.12,22672,Psychological Horror
849,2018,ISLAND,39.99,8.11,1294,Visual Novel
850,2018,Rolling Line,19.99,8.11,1623,Trains
851,2018,DYO,0.0,8.1,937,Local Co-Op
852,2018,Megaquarium,24.99,8.1,2662,Simulation
853,2018,Ding Dong XL,0.99,8.1,726,Casual
854,2018,ZeroRanger,11.99,8.1,1242,Shoot 'Em Up
855,2018,Kaori After Story,2.49,8.09,448,Choose Your Own Adventure
856,2018,A Raven Monologue,0.0,8.09,2398,Casual
857,2018,Super Ledgehop: Double Laser,0.99,8.09,615,Rhythm
858,2018,Zero-K,0.0,8.09,3036,Strategy
859,2018,TSIOQUE,13.99,8.09,1558,Adventure
860,2018,Google Spotlight Stories: Age of Sail,0.0,8.09,436,Adventure
861,2018,Dungreed,9.99,8.09,7969,Action Roguelike
862,2018,Montaro RE,0.99,8.08,1222,Casual
863,2018,Lost in Vivo,11.99,8.08,2682,Psychological Horror
864,2018,Hentai Girl Hime,0.69,8.08,4039,Dating Sim
865,2018,UNDER NIGHT IN-BIRTH Exe:Late[cl-r],24.99,8.08,3283,2D Fighter
866,2018,The Hex,9.99,8.08,3012,Singleplayer
867,2018,DARK SOULS™: REMASTERED,39.99,8.08,77616,Souls-like
868,2018,DRAGON BALL FighterZ,59.99,8.08,60725,Fighting
869,2018,I'm on Observation Duty,2.99,8.07,1304,Horror
870,2018,Distance,24.99,8.07,6698,Racing
871,2018,"Warhammer 40,000: Mechanicus",29.99,8.07,11155,Warhammer 40K
872,2018,Gachi Heroes,0.99,8.07,2018,Memes
873,2018,Overcooked! 2,24.99,8.07,48129,Online Co-Op
874,2018,Adventure of a Lifetime,12.99,8.07,749,Adventure
875,2018,Bad North: Jotunn Edition,4.49,8.07,7926,Real Time Tactics
876,2018,The Bard's Tale Trilogy,2.99,8.06,1197,RPG
877,2018,The Legend of Heroes: Trails of Cold Steel II,39.99,8.06,2398,JRPG
878,2018,Katamari Damacy REROLL,29.99,8.06,4563,Great Soundtrack
879,2018,Hexologic,2.99,8.05,906,Logic
880,2018,Aimtastic,0.0,8.05,2579,Action
881,2018,TREE,0.0,8.05,2052,Casual
882,2018,EXAPUNKS,19.99,8.05,1515,Programming
883,2018,Genital Jousting,6.99,8.05,9635,Dating Sim
884,2018,Crystalline,4.99,8.05,1339,Choose Your Own Adventure
885,2018,Deep Space Waifu: FANTASY,3.99,8.05,1163,Nudity
886,2018,The Gardens Between,19.99,8.04,2315,Short
887,2018,Attack on Titan 2 - A.O.T.2,59.99,8.04,5522,Action
888,2018,BallisticNG,14.99,8.04,2639,Combat Racing
889,2018,Wolf Tails,9.99,8.04,840,Dating Sim
890,2018,Assassin's Creed® Odyssey,59.99,8.04,136697,Open World
891,2018,Wizard of Legend,15.99,8.04,17663,Action Roguelike
892,2018,Hakuoki: Edo Blossoms,9.99,8.04,740,Otome
893,2018,Kingdom Two Crowns,4.99,8.03,18669,Base Building
894,2018,Overload,29.99,8.03,1796,Action
895,2018,东方试闻广纪 ~ Perfect Memento of Touhou Question,0.0,8.03,839,Casual
896,2018,Fate Seeker,21.09,8.02,12588,RPG
897,2018,TerraTech,24.99,8.02,19186,Building
898,2018,Cheeky Chooks,0.0,8.02,2377,Casual
899,2018,428: Shibuya Scramble,49.99,8.02,1564,Visual Novel
900,2019,People Playground,9.99,8.8,178758,Sandbox
901,2019,Slay the Spire,24.99,8.7,130494,Roguelike Deckbuilder
902,2019,Katana ZERO,14.99,8.66,56108,Pixel Graphics
903,2019,Resident Evil 2,39.99,8.65,129193,Zombies
904,2019,A Short Hike,5.19,8.61,13022,Adventure
905,2019,Oxygen Not Included,24.99,8.58,99009,Colony Sim
906,2019,Baba Is You,14.99,8.55,17540,Puzzle
907,2019,Grimm's Hollow,0.0,8.55,10961,Pixel Graphics
908,2019,Sekiro™: Shadows Die Twice - GOTY Edition,59.99,8.54,229228,Souls-like
909,2019,Phoenix Wright: Ace Attorney Trilogy,29.99,8.52,18765,Detective
910,2019,Beat Saber,29.99,8.51,68170,Rhythm
911,2019,Devil May Cry 5,29.99,8.5,100358,Action
912,2019,Touhou Luna Nights,17.99,8.49,12113,Metroidvania
913,2019,Kind Words (lo fi chill beats to write to),4.99,8.49,8148,Emotional
914,2019,Tales of the Black Forest,1.19,8.49,9398,RPG
915,2019,Unheard - Voices of Crime,6.99,8.48,26902,Detective
916,2019,Age of Empires II: Definitive Edition,13.39,8.46,120875,Strategy
917,2019,Gravitas,0.0,8.44,6021,Puzzle
918,2019,My Friend Pedro,19.99,8.42,25403,Action
919,2019,Streets of Rogue,19.99,8.42,17970,Roguelite
920,2019,Muse Dash,2.99,8.41,85257,Music
921,2019,Zup! F,1.99,8.41,7922,Puzzle
922,2019,Aokana - Four Rhythms Across the Blue,34.99,8.41,3986,Visual Novel
923,2019,Sayonara Wild Hearts,12.99,8.39,7139,Great Soundtrack
924,2019,missed messages.,0.0,8.39,13809,Visual Novel
925,2019,Monster Girl Island: Prologue,0.0,8.39,16452,Dating Sim
926,2019,Mindustry,9.99,8.39,14259,Base Building
927,2019,FIVE NIGHTS AT FREDDY'S: HELP WANTED,29.99,8.38,9448,Horror
928,2019,WolfQuest: Anniversary Edition,14.99,8.38,5764,Life Sim
929,2019,Kindergarten 2,14.99,8.37,3330,Adventure
930,2019,Bug Fables: The Everlasting Sapling,19.99,8.37,4068,RPG
931,2019,Nova Drift,8.99,8.36,9675,Action Roguelike
932,2019,NGU IDLE,0.0,8.36,9809,Idler
933,2019,Bloodstained: Ritual of the Night,39.99,8.35,33852,Metroidvania
934,2019,异化之恶〇Abnormal Treatment,0.0,8.34,2920,RPG
935,2019,Backbone: Prologue,0.0,8.34,4116,Adventure
936,2019,PC Building Simulator,19.99,8.33,47260,Simulation
937,2019,A Dance of Fire and Ice,5.99,8.33,51557,Rhythm
938,2019,Master Of Pottery,5.99,8.33,2532,Simulation
939,2019,Hypnospace Outlaw,19.99,8.33,3191,1990's
940,2019,Halo: The Master Chief Collection,15.99,8.33,203332,Great Soundtrack
941,2019,月影魅像-解放之羽-,15.99,8.32,2675,Visual Novel
942,2019,Disco Elysium - The Final Cut,39.99,8.32,74924,RPG
943,2019,ISLANDERS,3.74,8.32,14689,Relaxing
944,2019,Yakuza Kiwami 2,19.99,8.31,12162,Action
945,2019,Neon Beats,0.0,8.31,6088,Rhythm
946,2019,A Plague Tale: Innocence,39.99,8.31,51936,Story Rich
947,2019,Supraland,19.99,8.3,10531,Puzzle
948,2019,SpaceEngine,24.99,8.3,7620,Open World
949,2019,Fluffy Store,0.59,8.3,2968,Visual Novel
950,2019,Spyro™ Reignited Trilogy,39.99,8.29,16929,Adventure
951,2019,One Finger Death Punch 2,7.99,8.29,4063,Action
952,2019,Pikuniku,12.99,8.29,6425,Adventure
953,2019,Dream Ending,3.99,8.29,2521,Casual
954,2019,We Become What We Behold [Fan-Made Port],0.0,8.29,3300,Violent
955,2019,TouHou Makuka Sai ~ Fantastic Danmaku Festival Part II,12.99,8.28,2071,Bullet Hell
956,2019,AVICII Invector,19.99,8.28,2824,Casual
957,2019,The Coin Game,13.99,8.27,4322,Life Sim
958,2019,Don't Escape: 4 Days to Survive,14.99,8.27,1699,Adventure
959,2019,Blood™ Fresh Supply,9.99,8.27,5671,FPS
960,2019,Cat Quest II,14.99,8.27,3925,Adventure
961,2019,Descenders,24.99,8.25,13637,Sports
962,2019,DOTOKOI / 像素男友,0.0,8.25,951,Casual
963,2019,异常 | Exception,3.99,8.25,1678,Strategy
964,2019,Smile For Me,12.99,8.24,2138,Puzzle
965,2019,9-nine-:Episode 2,19.99,8.24,1009,Dating Sim
966,2019,Agent A: A puzzle in disguise,19.99,8.24,3866,Escape Room
967,2019,Reventure,7.99,8.24,7926,Adventure
968,2019,RED HOT VENGEANCE,0.0,8.24,2852,Violent
969,2019,EARTH DEFENSE FORCE 5,59.99,8.23,7986,Action
970,2019,Yuppie Psycho: Executive Edition,16.66,8.23,5976,Puzzle
971,2019,Pilgrims,6.99,8.23,2946,Hand-drawn
972,2019,Later Alligator,17.99,8.22,1929,Point & Click
973,2019,AMID EVIL,4.99,8.22,5568,FPS
974,2019,MX Bikes,34.99,8.22,11832,Motocross
975,2019,I wanna be the Creator,5.99,8.22,2374,Action
976,2019,Necesse,9.99,8.21,6043,Open World Survival Craft
977,2019,BirdGut,0.0,8.21,4084,Adventure
978,2019,Otaku's Adventure,6.99,8.21,6632,Funny
979,2019,What Never Was,0.0,8.2,4595,Adventure
980,2019,My Time At Portia,29.99,8.2,39696,RPG
981,2019,Splitgate,0.0,8.2,108705,FPS
982,2019,觅长生,14.99,8.2,19432,RPG
983,2019,Tiny Snow,3.99,8.19,3491,Visual Novel
984,2019,GORN,19.99,8.19,7812,Action
985,2019,60 Seconds! Reatomized,4.99,8.19,10752,Strategy
986,2019,Project Arrhythmia,11.99,8.19,1806,Music
987,2019,Yakuza Kiwami,19.99,8.19,15810,Action
988,2019,Tangle Tower,19.99,8.18,3021,Detective
989,2019,FrostRunner,0.0,8.17,3206,Parkour
990,2019,The Good Time Garden,0.0,8.17,2174,Nudity
991,2019,Touhou Kikeijuu ~ Wily Beast and Weakest Creature.,14.99,8.17,935,Bullet Hell
992,2019,沉睡的法则 Things as They Are,5.99,8.17,978,JRPG
993,2019,No Time,10.99,8.17,1224,Time Travel
994,2019,STEINS;GATE: My Darling's Embrace,29.99,8.17,897,Visual Novel
995,2019,Red Dead Redemption 2,19.79,8.17,395587,Open World
996,2019,Mushroom Cats,0.0,8.16,1440,Casual
997,2019,BONEWORKS,29.99,8.16,33296,Physics
998,2019,Hentai Girl Karen,0.69,8.16,4357,Anime
999,2019,Gato Roboto,7.99,8.16,3336,Metroidvania
1000,2019,The Jackbox Party Pack 6,29.99,8.16,2551,Trivia
1001,2019,There is No GreenDam,0.0,8.15,1623,Visual Novel
1002,2019,Kao the Kangaroo: Round 2 (2003 re-release),0.99,8.15,7488,Adventure
1003,2019,人间 The Lost We Lost,3.99,8.15,2265,Simulation
1004,2019,祈風 Inorikaze,10.99,8.15,349,Adventure
1005,2019,Fantasy Girl,0.59,8.14,4849,Dating Sim
1006,2019,Hentai Girl Fantasy,0.69,8.14,3958,Dating Sim
1007,2019,Minion Masters,0.0,8.13,60365,Real Time Tactics
1008,2019,Shotgun Farmers,9.99,8.13,9430,Action
1009,2019,The Political Process,14.99,8.12,1474,Political Sim
1010,2019,Assetto Corsa Competizione,39.99,8.11,25475,Racing
1011,2019,Touhou Fantasia / 东方梦想曲,0.0,8.11,1413,Action
1012,2019,旅燕归航 Swallow Homing,0.0,8.11,603,Visual Novel
1013,2019,Trailmakers,24.99,8.11,15261,Puzzle
1014,2019,Zup! 9,1.99,8.11,1470,Puzzle
1015,2019,沙雕之路,10.0,8.1,938,RPG
1016,2019,APE OUT,14.99,8.1,2627,Violent
1017,2019,Hot Lava,19.99,8.1,4987,Precision Platformer
1018,2019,Terminator: Resistance,39.99,8.1,11514,FPS
1019,2019,LOVE³ -Love Cube-,9.99,8.09,2377,Dating Sim
1020,2019,寄甡 Symbiotic Love,6.99,8.09,1253,Casual
1021,2019,Planet Zoo,44.99,8.09,67528,Management
1022,2019,DATE A LIVE: Rio Reincarnation,39.99,8.09,2736,Simulation
1023,2019,Hello Neighbor Alpha 2,0.0,8.09,2279,Horror
1024,2019,DARQ: Complete Edition,19.99,8.09,3487,Horror
1025,2019,Baldr Sky,49.99,8.08,1075,Visual Novel
1026,2019,STEINS;GATE: Linear Bounded Phenogram,0.0,8.08,576,Adventure
1027,2019,Spring Falls,6.99,8.08,652,Casual
1028,2019,The Long Drive,15.99,8.08,21293,Automobile Sim
1029,2019,Derail Valley,19.99,8.07,3018,Simulation
1030,2019,Mutazione,19.99,8.07,816,Relaxing
1031,2019,"I Love You, Colonel Sanders! A Finger Lickin’ Good Dating Simulator",0.0,8.07,11866,Dating Sim
1032,2019,Seen,2.99,8.07,8565,Adventure
1033,2019,Voxelgram,9.99,8.07,388,Puzzle
1034,2019,The Expression Amrilato,24.99,8.07,586,Story Rich
1035,2019,When the Darkness comes,0.0,8.06,7945,Psychological Horror
1036,2019,Don't Escape Trilogy,4.99,8.06,257,Adventure
1037,2019,Ultra Fight Da ! Kyanta 2,0.0,8.06,830,Fighting
1038,2019,Pathologic 2,34.99,8.06,8155,Story Rich
1039,2019,Frog Detective 2: The Case of the Invisible Wizard,4.99,8.05,1359,Comedy
1040,2019,Shipped,9.99,8.05,581,Local Multiplayer
1041,2019,Fate/EXTELLA LINK,49.99,8.05,3867,Anime
1042,2019,Forager,19.99,8.05,34218,Open World Survival Craft
1043,2019,Swords & Souls: Neverseen,14.99,8.05,3772,RPG
1044,2019,逝去的回忆3：四叶草之梦,9.99,8.04,583,RPG
1045,2019,Pizza Game,9.99,8.04,287,Casual
1046,2019,Pistol Whip,29.99,8.04,3429,Action
1047,2019,STAR WARS Jedi: Fallen Order™,39.99,8.04,124267,Action-Adventure
1048,2019,Heart of the Woods,14.99,8.04,708,Story Rich
1049,2019,Unsung Warriors - Prologue,0.0,8.03,1364,Adventure
1050,2020,Hades,12.49,8.79,223813,Action Roguelike
1051,2020,Half-Life: Alyx,59.99,8.71,79813,FPS
1052,2020,Phasmophobia,13.99,8.71,547754,Horror
1053,2020,Helltaker,0.0,8.69,111235,Cute
1054,2020,ULTRAKILL,24.99,8.68,58546,FPS
1055,2020,Deep Rock Galactic,9.89,8.67,202422,Co-op
1056,2020,The Henry Stickmin Collection,7.49,8.66,36753,Funny
1057,2020,OMORI,19.99,8.64,55077,Psychological Horror
1058,2020,Satisfactory,29.99,8.64,128316,Base Building
1059,2020,Risk of Rain 2,24.99,8.61,232804,Third-Person Shooter
1060,2020,Senren＊Banka,19.94,8.6,13315,Visual Novel
1061,2020,Factorio,35.0,8.6,165088,Automation
1062,2020,Persona 4 Golden,19.99,8.59,62194,JRPG
1063,2020,Ori and the Will of the Wisps,5.99,8.59,108312,Beautiful
1064,2020,ATRI -My Dear Moments-,20.99,8.56,11378,Visual Novel
1065,2020,There Is No Game: Wrong Dimension,12.99,8.55,18948,Adventure
1066,2020,Our Life: Beginnings & Always,0.0,8.55,8966,Visual Novel
1067,2020,The Test,1.99,8.5,18367,Choose Your Own Adventure
1068,2020,Black Mesa,19.99,8.49,94478,FPS
1069,2020,Milk inside a bag of milk inside a bag of milk,0.49,8.49,17108,Visual Novel
1070,2020,Virtual Cottage,0.0,8.46,7752,Relaxing
1071,2020,Besiege,14.99,8.45,45220,Building
1072,2020,Outer Wilds,24.99,8.44,47994,Exploration
1073,2020,Cube Escape Collection,4.99,8.44,4526,Puzzle
1074,2020,Riddle Joker,34.99,8.44,3452,Visual Novel
1075,2020,Noita,19.99,8.44,52787,Physics
1076,2020,Wobbly Life,13.99,8.44,12296,Adventure
1077,2020,The Test: Final Revelation,1.99,8.43,4905,Simulation
1078,2020,NEKOPARA Vol. 4,9.99,8.43,7860,Dating Sim
1079,2020,Spiritfarer®: Farewell Edition,29.99,8.43,30054,Emotional
1080,2020,The Test: Hypothesis Rising,1.99,8.42,5447,Simulation
1081,2020,Post Void,2.99,8.42,7967,Psychedelic
1082,2020,Desperados III,39.99,8.42,11396,Strategy
1083,2020,Samsara Room,0.0,8.42,7312,Adventure
1084,2020,Monster Train,24.99,8.42,18156,Card Battler
1085,2020,Being a DIK - Season 1,13.99,8.4,9507,Dating Sim
1086,2020,The Supper,0.0,8.4,3215,Pixel Graphics
1087,2020,Maitetsu:Last Run!!,34.99,8.4,2857,Dating Sim
1088,2020,shapez,9.99,8.4,9352,Automation
1089,2020,Marco & The Galaxy Dragon,7.99,8.4,4745,Visual Novel
1090,2020,Yakuza: Like a Dragon,59.99,8.39,20573,RPG
1091,2020,Star Fetchers,0.0,8.39,6340,Action
1092,2020,Monster Prom 2: Monster Camp,11.99,8.39,5105,Dating Sim
1093,2020,Alba: A Wildlife Adventure,6.79,8.39,4083,Casual
1094,2020,Carto,19.99,8.38,5995,Cute
1095,2020,Detroit: Become Human,19.99,8.38,80746,Choices Matter
1096,2020,There Is No Game: Jam Edition 2015,0.0,8.38,5574,Casual
1097,2020,Cats Organized Neatly,2.99,8.37,2883,Cats
1098,2020,Vampires' Melody,1.19,8.37,3437,Casual
1099,2020,5D Chess With Multiverse Time Travel,11.99,8.36,5895,Chess
1100,2020,Untitled Goose Game,19.99,8.36,14183,Funny
1101,2020,Door Kickers 2: Task Force North,24.99,8.36,6422,Strategy
1102,2020,The Walking Dead: The Telltale Definitive Series,49.99,8.35,10474,Choices Matter
1103,2020,Epiphyllum in Love,3.99,8.35,1790,Casual
1104,2020,Leaf Blower Revolution - Idle Game,0.0,8.33,19203,Idler
1105,2020,Journey,14.99,8.33,24658,Beautiful
1106,2020,The Room VR: A Dark Matter,29.99,8.33,3079,Adventure
1107,2020,Superliminal,19.99,8.32,21909,Puzzle
1108,2020,The Pedestrian,19.99,8.32,3427,Puzzle
1109,2020,Tukoni,0.0,8.32,3140,Adventure
1110,2020,Zup! Z,1.99,8.32,3818,Puzzle
1111,2020,The Jackbox Party Pack 7,29.99,8.31,3852,Party Game
1112,2020,Fireworks Mania - An Explosive Simulator,11.99,8.3,4146,Sandbox
1113,2020,Sakuya Izayoi Gives You Advice And Dabs,0.99,8.3,1884,Casual
1114,2020,千面 Melancholy Love,4.99,8.3,1660,Casual
1115,2020,CARRION,19.99,8.29,19225,Villain Protagonist
1116,2020,Coloring Game 2,0.0,8.29,3177,Casual
1117,2020,SpongeBob SquarePants: Battle for Bikini Bottom - Rehydrated,29.99,8.28,13723,Adventure
1118,2020,Coffee Talk,12.99,8.28,7724,Conversation
1119,2020,Manifold Garden,19.99,8.27,4499,Puzzle
1120,2020,Poly Bridge 2,14.99,8.27,6353,Building
1121,2020,ARMORED HEAD,4.99,8.26,894,Arena Shooter
1122,2020,Songs for a Hero - Definitive Edition,14.99,8.26,3239,2D Platformer
1123,2020,It Steals,4.99,8.26,882,Survival Horror
1124,2020,像素女友,0.0,8.26,1240,RPG
1125,2020,DRAGON BALL Z: KAKAROT,59.99,8.26,40450,Action
1126,2020,Chronicon,13.99,8.26,8252,Loot
1127,2020,ShellShock Live,6.99,8.26,32129,Tanks
1128,2020,Project Wingman,24.99,8.26,13110,Flight
1129,2020,Vecter,0.0,8.25,2845,Racing
1130,2020,A Space For The Unbound - Prologue,0.0,8.25,1251,Pixel Graphics
1131,2020,Aokana - Four Rhythms Across the Blue - EXTRA1,16.99,8.24,989,Adventure
1132,2020,Kingdom Rush Vengeance - Tower Defense,19.99,8.24,6478,Tower Defense
1133,2020,Songs of Syx,24.99,8.24,2521,City Builder
1134,2020,Hylics 2,14.99,8.24,1916,RPG
1135,2020,Crusader Kings III,49.99,8.24,88917,Strategy
1136,2020,Tiny Bunny: Prologue,0.0,8.24,1888,Horror
1137,2020,YOU and ME and HER: A Love Story,29.99,8.24,2565,Visual Novel
1138,2020,Some Some Convenience Store,14.99,8.23,2918,Dating Sim
1139,2020,The Riftbreaker: Prologue,0.0,8.23,4083,Base Building
1140,2020,Baldi's Basics Plus,9.99,8.23,2430,Roguelite
1141,2020,泡沫冬景,14.99,8.22,4252,Adventure
1142,2020,LEWDAPOCALYPSE Hentai Evil,0.99,8.22,6542,Dating Sim
1143,2020,TROUBLESHOOTER: Abandoned Children,24.99,8.22,7557,CRPG
1144,2020,Creeper World 4,24.99,8.22,3340,Tower Defense
1145,2020,The Life and Suffering of Sir Brante — Chapter 1&2,0.0,8.2,2018,Interactive Fiction
1146,2020,Return to Shironagasu Island,4.99,8.2,2373,Adventure
1147,2020,WORLD OF HORROR,14.99,8.2,5569,Horror
1148,2020,恋爱绮谭~不存在的夏天~,8.99,8.19,2383,Visual Novel
1149,2020,a new life.,2.99,8.19,1782,Story Rich
1150,2020,House,9.99,8.19,1430,Horror
1151,2020,Spelunky 2,19.99,8.19,16836,Platformer
1152,2020,Island Saver,0.0,8.19,2705,Adventure
1153,2020,When The Past Was Around,7.99,8.19,2866,Hidden Object
1154,2020,Flowers -Le volume sur automne-,19.99,8.19,558,Visual Novel
1155,2020,坦率的小红帽和爱说谎的狼,0.0,8.19,935,RPG
1156,2020,Unrailed!,4.99,8.19,15883,Co-op
1157,2020,DDraceNetwork,0.0,8.19,11465,Online Co-Op
1158,2020,Roboquest,16.99,8.18,5921,FPS
1159,2020,I Wanna Maker,0.0,8.18,3323,Precision Platformer
1160,2020,The Coma 2: Vicious Sisters,14.99,8.18,2326,Horror
1161,2020,Dictators:No Peace Countryballs,0.99,8.18,5208,Strategy
1162,2020,Propagation VR,0.0,8.18,4628,Action
1163,2020,Florence,5.99,8.18,9521,Casual
1164,2020,DRAGON QUEST® XI S: Echoes of an Elusive Age™ - Definitive Edition,39.99,8.18,6730,JRPG
1165,2020,Wingspan,19.99,8.18,6817,Building
1166,2020,Murder House,11.99,8.18,1661,Horror
1167,2020,Summer Memories,19.99,8.18,10635,Dating Sim
1168,2020,Micro Platformer,0.0,8.17,1406,Precision Platformer
1169,2020,The Procession to Calvary,4.49,8.17,752,Dark Comedy
1170,2020,Mini Healer,7.99,8.17,1816,Party-Based RPG
1171,2020,DOOM Eternal,39.99,8.17,170445,Action
1172,2020,Soda Dungeon 2,0.0,8.17,4743,RPG
1173,2020,Roman's Christmas / 罗曼圣诞探案集,10.99,8.17,1382,Story Rich
1174,2020,Stormworks: Build and Rescue,24.99,8.17,35474,Sandbox
1175,2020,Into the Radius VR,29.99,8.17,7579,Survival
1176,2020,A Summer's End - Hong Kong 1986,14.99,8.17,1432,Casual
1177,2020,Mosaique Neko Waifus 2,1.99,8.16,2469,Anime
1178,2020,Ghostrunner,10.49,8.16,48083,Action
1179,2020,NOeSIS01_诉说谎言记忆物语,0.0,8.16,1030,RPG
1180,2020,Sea of Thieves 2023 Edition,19.99,8.16,277049,Adventure
1181,2020,DOOM 64,4.99,8.15,5887,Action
1182,2020,One Step From Eden,19.99,8.15,6649,Action Roguelike
1183,2020,Making*Lovers,29.99,8.15,571,Casual
1184,2020,Utawarerumono: Mask of Truth,15.99,8.15,1113,RPG
1185,2020,Littlewood,14.99,8.14,5995,Pixel Graphics
1186,2020,STORY OF SEASONS: Friends of Mineral Town,39.99,8.14,4387,Simulation
1187,2020,The Battle of Polytopia,14.99,8.14,3271,Strategy
1188,2020,Shotgun Witch,0.0,8.14,870,Arena Shooter
1189,2020,Boomerang Fu,14.99,8.13,1520,4 Player Local
1190,2020,Friendship with Benefits,10.99,8.13,1380,Dating Sim
1191,2020,Streets of Rage 4,24.99,8.13,15469,Action
1192,2020,Maiden and Spell,12.99,8.13,595,Action
1193,2020,CBT With Yuuka Kazami,0.99,8.13,844,Casual
1194,2020,Creaks,19.99,8.12,2920,Puzzle
1195,2020,The White Door,3.99,8.12,4779,Adventure
1196,2020,Saiko no sutoka,4.99,8.12,2446,Horror
1197,2020,Slap City,19.99,8.12,2799,Action
1198,2020,Penko Park,12.99,8.12,388,Creature Collector
1199,2020,Cyber Hook,4.49,8.12,2208,3D Platformer
1200,2021,Totally Accurate Battle Simulator,19.99,8.69,104651,Sandbox
1201,2021,Dyson Sphere Program,15.99,8.65,69977,Space
1202,2021,Inscryption,19.99,8.61,88612,Card Battler
1203,2021,Firework,5.99,8.6,31796,Horror
1204,2021,Rhythm Doctor,15.99,8.58,17217,Rhythm
1205,2021,Cookie Clicker,4.99,8.57,43211,Clicker
1206,2021,The Room 4: Old Sins,8.99,8.56,11842,Puzzle
1207,2021,Valheim,19.99,8.54,401294,Open World Survival Craft
1208,2021,It Takes Two,39.99,8.52,123657,Co-op
1209,2021,Tiny Bunny,12.99,8.52,10759,Visual Novel
1210,2021,Resident Evil Village,39.99,8.51,91477,Survival Horror
1211,2021,Clone Drone in the Danger Zone,10.99,8.49,22014,Robots
1212,2021,Before Your Eyes,9.99,8.47,10067,Emotional
1213,2021,Webbed,5.99,8.47,9892,2D Platformer
1214,2021,Word Game: Episode 0,0.0,8.47,4404,Minimalist
1215,2021,Project Kat - Paper Lily Prologue,0.0,8.47,3660,Psychological Horror
1216,2021,Doki Doki Literature Club Plus!,14.99,8.46,19361,Psychological Horror
1217,2021,Touhou Mystia's Izakaya,5.99,8.46,14081,Casual
1218,2021,TOEM,19.99,8.46,3492,Cozy
1219,2021,100 hidden frogs,0.0,8.46,4655,Hidden Object
1220,2021,Far Away,12.99,8.46,4903,Singleplayer
1221,2021,MADNESS: Project Nexus,24.99,8.45,11711,Gore
1222,2021,Milk outside a bag of milk outside a bag of milk,8.99,8.45,10579,Psychological Horror
1223,2021,Muck,0.0,8.44,143078,Survival
1224,2021,SuchArt: Creative Space,0.0,8.44,6199,Simulation
1225,2021,Psychonauts 2,20.39,8.44,8926,Story Rich
1226,2021,第七号列车 - Train No. 7,0.0,8.43,5519,Casual
1227,2021,Townscaper,3.59,8.42,18389,Controller
1228,2021,Cruelty Squad,19.99,8.42,10256,Capitalism
1229,2021,Mon Bazou,15.99,8.41,7909,Choose Your Own Adventure
1230,2021,Aventura Copilului Albastru și Urât,1.99,8.41,2309,Anime
1231,2021,The Last Campfire,14.99,8.41,5225,Puzzle
1232,2021,Find Love or Die Trying,0.0,8.4,8701,Dating Sim
1233,2021,Purrgatory,0.0,8.4,2592,Visual Novel
1234,2021,死寂（Deathly Stillness）,0.0,8.39,17046,Zombies
1235,2021,Paint the Town Red,9.99,8.39,22117,Gore
1236,2021,Car Mechanic Simulator 2021,24.99,8.39,18930,Simulation
1237,2021,Alpaca Stacka,0.0,8.39,4836,Exploration
1238,2021,星空列车与白的旅行,19.99,8.39,2109,Visual Novel
1239,2021,Snake Force,0.0,8.39,4443,Action
1240,2021,OPUS: Echo of Starsong - Full Bloom Edition,24.99,8.39,6675,Visual Novel
1241,2021,The Planet Crafter: Prologue,0.0,8.39,8838,Survival
1242,2021,Mini Motorways,9.99,8.38,15864,Strategy
1243,2021,BAD END THEATER,9.99,8.37,4915,Visual Novel
1244,2021,UNBEATABLE [white label],0.0,8.37,7145,Rhythm
1245,2021,Gunfire Reborn,19.99,8.37,84987,FPS
1246,2021,LoveChoice,1.99,8.36,20390,Romance
1247,2021,ROUNDS,5.99,8.36,17331,Fighting
1248,2021,The Rewinder,8.99,8.36,5351,Adventure
1249,2021,Impostor Factory,9.99,8.35,8888,Story Rich
1250,2021,The Forgotten City,12.49,8.35,7378,Adventure
1251,2021,枝江往事,0.0,8.35,4984,Casual
1252,2021,Marvel's Guardians of the Galaxy,59.99,8.35,25911,Singleplayer
1253,2021,Milo and the Magpies,1.99,8.34,2135,Adventure
1254,2021,Touhou Hero of Ice Fairy: Prologue,0.0,8.34,2799,Action
1255,2021,At Home Alone Final,0.0,8.34,4416,RPG
1256,2021,ENDER LILIES: Quietus of the Knights,24.99,8.34,24051,Metroidvania
1257,2021,Walkabout Mini Golf VR,14.99,8.34,2192,Sports
1258,2021,WorldBox - God Simulator,19.99,8.34,22922,God Game
1259,2021,Little Nightmares II,29.99,8.34,26604,Horror
1260,2021,Dagon: by H. P. Lovecraft,0.0,8.34,9211,Horror
1261,2021,Tales from the Borderlands,19.99,8.33,16636,Comedy
1262,2021,Everhood,9.99,8.32,10142,Great Soundtrack
1263,2021,Sword and Fairy,4.99,8.31,2857,RPG
1264,2021,My Singing Monsters,0.0,8.31,28452,Simulation
1265,2021,Lay a Beauty to Rest: The Darkness Peach Blossom Spring,13.99,8.31,4437,Adventure
1266,2021,pureya,5.99,8.31,2000,Minigames
1267,2021,Wildermyth,24.99,8.31,14797,Party-Based RPG
1268,2021,Super Animal Royale,0.0,8.31,35613,Battle Royale
1269,2021,Chicory: A Colorful Tale,19.99,8.31,2287,Adventure
1270,2021,HROT,19.99,8.31,2751,Retro
1271,2021,Scarlet Hollow,24.99,8.31,1198,Choices Matter
1272,2021,Timberborn,19.99,8.29,17671,City Builder
1273,2021,SUPER CHICKEN JUMPER,2.99,8.29,2881,Difficult
1274,2021,Bang-On Balls: Chronicles,10.99,8.29,2389,Adventure
1275,2021,Samorost 1,0.0,8.28,3327,Casual
1276,2021,Crab Game,0.0,8.28,145713,Psychological Horror
1277,2021,Griftlands,19.99,8.28,12627,Card Battler
1278,2021,小白兔电商~Bunny e-Shop,10.99,8.27,9437,Capitalism
1279,2021,Swallow the Sea,0.0,8.27,1766,Action
1280,2021,Touhou Kouryudou ~ Unconnected Marketeers.,14.99,8.27,1645,Bullet Hell
1281,2021,Voidigo,14.99,8.27,1883,Action Roguelike
1282,2021,I MAED A GAM3 W1TH Z0MB1ES 1N IT!!!1,0.0,8.26,1296,Zombies
1283,2021,Mitoza,0.0,8.26,2571,Surreal
1284,2021,Loop Hero,14.99,8.26,30823,Tactical
1285,2021,Days Gone,49.99,8.26,58843,Open World
1286,2021,Cyber Manhunt,9.99,8.25,12073,Simulation
1287,2021,Skul: The Hero Slayer,11.99,8.25,42170,Action
1288,2021,Behind the Frame: The Finest Scenery,12.99,8.24,4143,Atmospheric
1289,2021,Tetris® Effect: Connected,39.99,8.24,5115,Puzzle
1290,2021,Jerma's Big Adventure,0.0,8.23,1022,Comedy
1291,2021,Turnip Boy Commits Tax Evasion,5.99,8.23,8505,Adventure
1292,2021,Library Of Ruina,29.99,8.23,19180,Story Rich
1293,2021,Geometry Arena,2.99,8.23,2185,Roguelite
1294,2021,英雄黄昏-文字三国志&曹贼模拟器,0.0,8.22,1753,Word Game
1295,2021,Knights College,24.99,8.22,1689,Story Rich
1296,2021,OnlyCans: Thirst Date,0.0,8.22,2644,Psychological Horror
1297,2021,Mosaique Neko Waifus 4,1.99,8.22,4439,Anime
1298,2021,Death's Door,19.99,8.22,13132,Action
1299,2021,Bitburner,0.0,8.21,4892,Programming
1300,2021,SNKRX,2.99,8.21,3956,Action Roguelike
1301,2021,Duck Simulator 2,0.0,8.21,1961,Simulation
1302,2021,Sizeable,9.99,8.21,827,Casual
1303,2021,Bishojo Mangekyo Kotowari to Meikyu no Shojo,29.99,8.2,2478,FPS
1304,2021,Kinkoi: Golden Loveriche,34.99,8.2,1293,Casual
1305,2021,Ready or Not,39.99,8.2,102680,Tactical
1306,2021,Bright Memory: Infinite,19.99,8.2,34204,Action
1307,2021,The Great Ace Attorney Chronicles,39.99,8.2,4875,Visual Novel
1308,2021,Billionaire Lovers,2.99,8.2,3124,Visual Novel
1309,2021,Perfect Gold - Yuri Visual Novel,7.99,8.2,847,Visual Novel
1310,2021,Dogs Organized Neatly,2.99,8.2,767,Casual
1311,2021,Escape Simulator,14.99,8.19,10898,Puzzle
1312,2021,Death Trash,15.99,8.19,2965,Post-apocalyptic
1313,2021,The Legend of Tianding,19.99,8.18,2436,Adventure
1314,2021,坏小孩,1.49,8.18,1313,Puzzle Platformer
1315,2021,Tree Simulator 2022,5.99,8.18,1169,Action
1316,2021,DEVOUR,4.99,8.18,60415,Horror
1317,2021,Heavenly Bodies,15.99,8.18,2080,Physics
1318,2021,Labyrinth City: Pierre the Maze Detective,11.99,8.18,1775,Adventure
1319,2021,Letters From a Rainy Day -Oceans and Lace-,16.99,8.17,684,Adventure
1320,2021,DRAMAtical Murder,19.99,8.17,1880,Story Rich
1321,2021,Toree 2,0.99,8.17,679,Action
1322,2021,Quickie: A Love Hotel Story,19.99,8.17,1214,Dating Sim
1323,2021,Zeepkist,11.99,8.17,944,Racing
1324,2021,Redmatch 2,0.0,8.17,8610,Arena Shooter
1325,2021,Northern Journey,11.99,8.16,1136,FPS
1326,2021,Karryn's Prison,29.99,8.16,2359,Dating Sim
1327,2021,Mass Effect™ Legendary Edition,59.99,8.16,35322,Story Rich
1328,2021,9-nine-:Episode 4,19.99,8.16,686,Casual
1329,2021,The Darkside Detective: A Fumble in the Dark,14.99,8.16,1165,Story Rich
1330,2021,Subnautica: Below Zero,29.99,8.15,76146,Open World Survival Craft
1331,2021,FINAL FANTASY,11.99,8.15,4667,JRPG
1332,2021,The Chrono Jotter,8.99,8.15,1387,Visual Novel
1333,2021,Cleo - a pirate's tale,5.24,8.14,486,Point & Click
1334,2021,Unpacking,19.99,8.14,19645,Relaxing
1335,2021,NOeSIS02_羽化,0.0,8.14,398,RPG
1336,2021,Motor Town: Behind The Wheel,19.99,8.14,2623,Open World
1337,2021,ElecHead,9.99,8.14,642,Puzzle Platformer
1338,2021,PARQUET,16.99,8.13,1784,Visual Novel
1339,2021,Brutal Orchestra,19.99,8.13,784,RPG
1340,2021,Toree 3D,0.99,8.13,1112,3D Platformer
1341,2021,Dead Estate,14.99,8.13,3184,Action Roguelike
1342,2021,Cloud Gardens,17.99,8.13,1887,Nature
1343,2021,"If On A Winter's Night, Four Travelers",0.0,8.12,1517,Point & Click
1344,2021,Ragnarock,24.99,8.12,2514,Rhythm
1345,2021,In Sound Mind,34.99,8.12,2528,Horror
1346,2021,Moncage,14.99,8.12,4301,Puzzle
1347,2021,The Advisor - Episode 1: Royal Pain,2.99,8.12,523,Choose Your Own Adventure
1348,2021,Sprocket,19.99,8.12,6785,Sandbox
1349,2021,I'm on Observation Duty 4,4.99,8.12,539,Psychological Horror
1350,2022,Vampire Survivors,3.99,8.8,193212,Action Roguelike
1351,2022,Stray,29.99,8.66,116448,Cats
1352,2022,God of War,49.99,8.61,99958,Action
1353,2022,PowerWash Simulator,24.99,8.58,34643,Casual
1354,2022,Persona 5 Royal,59.99,8.55,34649,JRPG
1355,2022,Marvel’s Spider-Man Remastered,59.99,8.55,61414,Superhero
1356,2022,Brotato,4.99,8.53,32388,Action Roguelike
1357,2022,Teardown,29.99,8.53,68320,Destruction
1358,2022,Neon White,24.99,8.52,10981,Action
1359,2022,Dorfromantik,9.79,8.5,22295,City Builder
1360,2022,Placid Plastic Duck Simulator,1.99,8.49,7676,Cute
1361,2022,The Looker,0.0,8.48,11277,Puzzle
1362,2022,DAVE THE DIVER,19.99,8.47,11033,Casual
1363,2022,Stacklands,4.99,8.46,18748,Card Battler
1364,2022,CULTIC,9.99,8.46,3904,FPS
1365,2022,Wobbledogs,19.99,8.46,6563,Wholesome
1366,2022,Trombone Champ,14.99,8.45,6359,Rhythm
1367,2022,The Planet Crafter,19.99,8.44,20046,Story Rich
1368,2022,The Case of the Golden Idol,17.99,8.44,3314,Mystery
1369,2022,Metal: Hellsinger,19.79,8.43,9249,Rhythm
1370,2022,ASTLIBRA Revision,24.99,8.43,14406,Action RPG
1371,2022,Raft,19.99,8.42,264169,Survival
1372,2022,VillageRhapsody,2.69,8.41,9994,Dating Sim
1373,2022,Patrick's Parabox,19.99,8.41,2320,Puzzle
1374,2022,Lil Gator Game,19.99,8.41,2157,Casual
1375,2022,Ib,12.99,8.41,2482,Horror
1376,2022,A Building Full of Cats,1.99,8.39,2335,Cats
1377,2022,Dungeon Munchies,19.99,8.39,5905,Action
1378,2022,NEEDY STREAMER OVERLOAD,15.99,8.38,21974,Psychological Horror
1379,2022,FreshWomen - Season 1,11.19,8.38,11155,Dating Sim
1380,2022,PlateUp!,10.79,8.37,12274,Co-op
1381,2022,Monster Prom 3: Monster Roadtrip,11.99,8.37,2082,Visual Novel
1382,2022,A Castle Full of Cats,2.99,8.37,1696,Cats
1383,2022,Outcore: Desktop Adventure,0.0,8.37,4779,Story Rich
1384,2022,Retrowave,2.99,8.37,13086,Racing
1385,2022,SIGNALIS,19.99,8.37,7060,Survival Horror
1386,2022,SuchArt: Genius Artist Simulator,24.99,8.37,3414,Design & Illustration
1387,2022,Dwarf Fortress,29.99,8.36,19917,Colony Sim
1388,2022,Lost in Play,19.99,8.36,2530,Puzzle
1389,2022,Slime Rancher 2,29.99,8.36,19507,Cute
1390,2022,Bugsnax,24.99,8.36,3297,Psychological Horror
1391,2022,Monument Valley: Panoramic Edition,7.99,8.36,1943,Adventure
1392,2022,Outpath: First Journey,0.0,8.35,2946,Base Building
1393,2022,Aperture Desk Job,0.0,8.34,19059,Singleplayer
1394,2022,Sucker for Love: First Date,9.99,8.34,2072,Anime
1395,2022,Café Stella and the Reaper's Butterflies,34.99,8.33,2275,Visual Novel
1396,2022,Cult of the Lamb,24.99,8.33,47935,Character Customization
1397,2022,Tsuki ni Yorisou Otome no Sahou,39.99,8.33,1931,Visual Novel
1398,2022,ELDEN RING,59.99,8.33,666354,Souls-like
1399,2022,Tiny Rogues,5.99,8.33,2997,Action Roguelike
1400,2022,Kaiju Princess,10.99,8.32,4048,Dating Sim
1401,2022,Dinkum,15.99,8.32,15689,Adventure
1402,2022,Frog Detective 3: Corruption at Cowboy County,4.99,8.32,1079,Comedy
1403,2022,Ticy Adventure Club,0.0,8.31,1842,RPG
1404,2022,Will You Snail?,14.99,8.31,2234,Artificial Intelligence
1405,2022,Aokana - Four Rhythms Across the Blue - EXTRA2,24.99,8.31,941,Visual Novel
1406,2022,Against the Storm,14.99,8.31,9835,Strategy
1407,2022,POSTAL: Brain Damaged,19.99,8.31,4872,Funny
1408,2022,枝江畔之梦,0.0,8.3,1462,Casual
1409,2022,Chop Goblins,4.24,8.29,1361,Old School
1410,2022,Tinykin,24.99,8.28,1159,Cute
1411,2022,Cosmoteer: Starship Architect & Commander,19.99,8.28,6493,Building
1412,2022,The Stanley Parable: Ultra Deluxe,24.99,8.28,20292,Multiple Endings
1413,2022,Dialtown: Phone Dating Sim,7.99,8.28,996,Casual
1414,2022,Symphony of War: The Nephilim Saga,19.99,8.28,7309,RPG
1415,2022,Beacon Pines,19.99,8.27,1314,Visual Novel
1416,2022,Farmer Against Potatoes Idle,0.0,8.27,3227,Idler
1417,2022,Strange Horticulture,14.99,8.27,6669,Mystery
1418,2022,私のリアルは充実しすぎている フルボイス版,9.99,8.27,2379,Otome
1419,2022,Nightmare of Decay,4.99,8.26,2544,Action
1420,2022,COMPOUND,19.99,8.26,1782,Action
1421,2022,Soulstone Survivors: Prologue,0.0,8.26,4015,Action Roguelike
1422,2022,Disney Dreamlight Valley,29.99,8.26,11319,Relaxing
1423,2022,The Past Within,5.99,8.26,9795,Co-op
1424,2022,Judgment,39.99,8.26,4369,Action
1425,2022,Save Room - Organization Puzzle,2.99,8.25,1674,Puzzle
1426,2022,Bendy and the Dark Revival,29.99,8.25,7458,Horror
1427,2022,Animal Revolt Battle Simulator,14.99,8.25,4117,Sandbox
1428,2022,Nova Lands: Emilia's Mission,0.0,8.25,1524,Adventure
1429,2022,I Was a Teenage Exocolonist,24.99,8.25,1638,Choices Matter
1430,2022,Supraland Six Inches Under,19.99,8.25,2299,Puzzle
1431,2022,REFLEXIA Prototype ver.,0.0,8.25,2041,Visual Novel
1432,2022,BABBDI,0.0,8.23,1441,Casual
1433,2022,Not For Broadcast,24.99,8.23,9254,Adventure
1434,2022,SANABI,11.99,8.23,2543,Action
1435,2022,Teenage Mutant Ninja Turtles: Shredder's Revenge,24.99,8.23,11056,Beat 'em up
1436,2022,Sonic Frontiers,59.99,8.23,16619,Adventure
1437,2022,FAITH: The Unholy Trinity,14.99,8.23,2915,Horror
1438,2022,Marvel’s Spider-Man: Miles Morales,49.99,8.23,15210,Action
1439,2022,Spaceflight Simulator,11.99,8.22,2853,Sandbox
1440,2022,Pentiment,13.39,8.22,2921,Adventure
1441,2022,POPGOES Arcade,4.99,8.22,1092,RPG
1442,2022,Shadows Over Loathing,22.99,8.22,2115,Adventure
1443,2022,The Upturned,9.99,8.21,624,Physics
1444,2022,Love Delivery,14.99,8.21,2103,Dating Sim
1445,2022,Pages of Time: Prologue,0.0,8.21,1441,Adventure
1446,2022,BROK the InvestiGator,19.99,8.21,732,Adventure
1447,2022,Spark the Electric Jester 3,24.99,8.21,1139,3D
1448,2022,daydream 白日夢,0.0,8.21,691,Casual
1449,2022,Lily's Well,0.0,8.2,1410,Horror
1450,2022,A Taste of the Past,0.0,8.2,978,Adventure
1451,2022,Resonance of the Ocean,0.0,8.2,848,Relaxing
1452,2022,Insomnia: Theater in the Head,2.49,8.2,1073,Psychological
1453,2022,Super Lesbian Animal RPG,14.99,8.19,574,Story Rich
1454,2022,Lost Judgment,59.99,8.19,2912,Action
1455,2022,The Complex: Found Footage,0.0,8.19,5398,Horror
1456,2022,魔卡幻想（Heroines Fantasy Inherit）,0.0,8.19,676,Strategy
1457,2022,暖雪 Warm Snow,17.99,8.19,26317,Action Roguelike
1458,2022,Warsim: The Realm of Aslona,9.99,8.19,1166,Text-Based
1459,2022,Leap of Faith,10.99,8.18,1305,Dating Sim
1460,2022,DEATH STRANDING DIRECTOR'S CUT,39.99,8.18,16348,Story Rich
1461,2022,Roadwarden,10.99,8.18,1834,RPG
1462,2022,Sudocats,1.59,8.18,589,Casual
1463,2022,Klonoa Phantasy Reverie Series,39.99,8.18,1242,Adventure
1464,2022,恋爱绮谭 不存在的真相,13.99,8.17,1412,Interactive Fiction
1465,2022,Prodeus,24.99,8.17,5137,FPS
1466,2022,Zodiacats,1.99,8.17,455,Cats
1467,2022,Treasure of Nadia,11.24,8.17,4571,Dating Sim
1468,2022,Ever Seen A Cat?,1.99,8.17,510,Cats
1469,2022,Dungeon Alchemist,44.99,8.17,1611,Software
1470,2022,Lunacid,6.99,8.17,1645,Dungeon Crawler
1471,2022,20 Minutes Till Dawn,4.99,8.16,19911,Action Roguelike
1472,2022,Magical Girl Celesphonia,19.99,8.16,1581,Dating Sim
1473,2022,Ember Knights,14.99,8.16,2086,Action Roguelike
1474,2022,Capybara Spa,5.99,8.16,1058,Simulation
1475,2022,Last Command,14.99,8.16,1337,Bullet Hell
1476,2022,所向之未来 - Towards Future,0.0,8.15,482,RPG
1477,2022,One-armed cook,0.0,8.15,11042,Simulation
1478,2022,Baldi's Basics Classic Remastered,0.0,8.15,4419,Horror
1479,2022,Cave Crawler,0.0,8.15,2607,2D Platformer
1480,2022,Turbo Overkill,17.99,8.15,1773,FPS
1481,2022,LEGO® Star Wars™: The Skywalker Saga,49.99,8.14,37122,LEGO
1482,2022,Melatonin,14.99,8.14,2276,Rhythm
1483,2022,Tribal Hunter,14.99,8.14,1077,Action
1484,2022,Her New Memory - Hentai Simulator,9.99,8.14,3373,Dating Sim
1485,2022,Lunistice,4.99,8.14,854,3D Platformer
1486,2022,Cut,0.0,8.14,1026,2D
1487,2022,Word Game,34.99,8.14,5021,Exploration
1488,2022,The Legend of Heroes: Trails from Zero,39.99,8.13,652,RPG
1489,2022,Acquitted,3.97,8.13,777,Action
1490,2022,My Sticker Book,0.0,8.13,797,Puzzle
1491,2022,瘟疫清零计划 Project Zero,0.0,8.13,2471,Action Roguelike
1492,2022,How Fish Is Made,0.0,8.13,2194,Surreal
1493,2022,Potion Craft: Alchemist Simulator,14.99,8.13,20311,Singleplayer
1494,2022,Card Survival: Tropical Island,24.99,8.13,1343,Adventure
1495,2022,click to ten,0.0,8.13,2294,Psychological Horror
1496,2022,Weird RPG,10.99,8.12,3109,RPG
1497,2022,14 Minesweeper Variants,6.99,8.12,444,Puzzle
1498,2022,Super Kiwi 64,2.99,8.12,790,3D Platformer
1499,2022,Wylde Flowers,24.99,8.12,789,Cozy
